"Product Description","Product VPN","Machine Tag","Status","Current Qty","Max Qty","Stock Qty Needed","Latest Date/Time"
"Teh Pucuk 350ML","SK-6","MANULIFE KUNINGAN 1","","1","6","5","2024-02-28 13:35:57"
"Kacang Mayasi","SK-17","MANULIFE KUNINGAN 1","","4","5","1","2024-02-17 10:10:16"
"YOU C1000 orange water 500ML","skyouc","MANULIFE KUNINGAN 1","","11","15","4","2024-02-29 17:48:38"
"Nescafe CappuccIno 240 ML","sknc","MANULIFE KUNINGAN 1","","4","6","2","2024-02-17 09:59:08"
"Beng Beng Maxx","SK 22","MANULIFE KUNINGAN 1","","12","12","0","2024-02-07 16:53:58"
"Astor Double Coklat Kecil 40 GRAM","SK26","MANULIFE KUNINGAN 1","","9","10","1","2024-02-28 13:37:03"
"Tik Tak Sapi Panggang 90 GRAM","SK28","MANULIFE KUNINGAN 1","","0","5","5","2024-02-07 16:43:52"
"Hydro Coco 250ML","SK32","MANULIFE KUNINGAN 1","","6","7","1","2024-02-28 13:42:27"
"AW 330ML","SK57","MANULIFE KUNINGAN 1","","5","6","1","2024-02-28 13:41:50"
"SUKRO OVEN 25 GRAM","Sk081","MANULIFE KUNINGAN 1","","4","5","1","2024-02-28 13:35:58"
"POCARI SWEAT 350ML","Sk082","MANULIFE KUNINGAN 1","","10","12","2","2024-02-28 13:35:57"
"MILKU COKLAT 200ML","Sk121","MANULIFE KUNINGAN 1","","4","7","3","2024-02-03 07:26:15"
"CROISANT 60 GRAM","Sk122","MANULIFE KUNINGAN 1","","0","5","5","2024-02-28 13:31:44"
"MONDE SERENA SNACK 25 GRAM","SK 202","MANULIFE KUNINGAN 1","","2","5","3","2024-02-29 16:35:06"
"MIE SEDAP CUP RAWIT BINGIT","SK 314","MANULIFE KUNINGAN 1","","4","4","0","2024-02-28 13:35:57"
"MILKU STRAWBERRY","SK 328","MANULIFE KUNINGAN 1","","6","7","1","2024-02-07 15:42:57"
"LARUTAN CAP KAKI TIGA JAMBU BIJI","SK 337","MANULIFE KUNINGAN 1","","0","0","0","2024-02-07 16:44:31"
"POKKA LYCHEE TEA","SK803","MANULIFE KUNINGAN 1","","4","5","1","2024-02-28 13:40:53"
"LARUTAN CAP KAKI TIGA LECI","SK 377","MANULIFE KUNINGAN 1","","5","10","5","2024-02-28 14:04:11"
"MONDE EGG ROLL CHOCOLATE","Sk-446","MANULIFE KUNINGAN 1","","3","12","9","2024-02-07 18:09:07"
"PANDA CINCAU JELLY","Pcl01","MANULIFE KUNINGAN 1","","9","10","1","2024-02-28 13:38:42"
"KUSUKA AYAM MADU","Kam 2","MANULIFE KUNINGAN 1","","7","10","3","2024-02-28 13:35:57"
"INACO MINI PUDDING","SK-INACO 200","MANULIFE KUNINGAN 1","","3","12","9","2024-02-07 14:54:38"
"MILO ORIGINAL 220ML","SK-MI03","MANULIFE KUNINGAN 1","","6","7","1","2024-02-28 13:44:36"
"WALENS BLUEBERRY SOES","SK-WB02","MANULIFE KUNINGAN 1","","3","4","1","2024-02-28 13:35:57"
"french fries 2000","SK-FF2000","MANULIFE KUNINGAN 1","","0","5","5","2024-02-28 13:32:23"
"NESCAFE ICE BLACK","SK-NES12","MANULIFE KUNINGAN 1","","6","7","1","2024-02-28 13:35:57"
"TWISTKO","SK-TW001","MANULIFE KUNINGAN 1","","4","5","1","2024-02-28 13:35:58"
"Tic tic rasa bawang asli","SK-tic01","MANULIFE KUNINGAN 1","","3","5","2","2024-02-07 16:57:30"
"Lasegar leci lemon","sk-las01","MANULIFE KUNINGAN 1","","4","5","1","2024-02-28 13:35:57"
"mayasi paw","sk-mp004","MANULIFE KUNINGAN 1","","2","5","3","2024-02-24 10:48:02"
"bro tatoz rendang sapi","sk-bt001","MANULIFE KUNINGAN 1","","0","5","5","2024-02-07 16:44:08"
"potato q rasa rumput laut","sk-pq002","MANULIFE KUNINGAN 1","","0","5","5","2024-02-07 16:43:48"
"TEH SEJUK","SK-TS01","MANULIFE KUNINGAN 1","","1","5","4","2024-02-28 13:35:57"
"POTAKREZ sapi panggang","SK-p005","MANULIFE KUNINGAN 1","","9","10","1","2024-02-28 13:35:58"
"happy-va 105g","sk-hv01","MANULIFE KUNINGAN 1","","5","5","0","2024-02-28 13:39:15"
"Mie Sedaap Soto","SK-2","MANULIFE KUNINGAN 2","","0","4","4","2024-02-13 12:57:35"
"Teh Pucuk 350ML","SK-6","MANULIFE KUNINGAN 2","","9","12","3","2024-02-17 10:49:02"
"Kopiko Lucky Day 180 ML","SK-10","MANULIFE KUNINGAN 2","","6","7","1","2024-02-12 17:24:14"
"Kacang Mayasi","SK-17","MANULIFE KUNINGAN 2","","4","5","1","2024-02-12 17:24:14"
"Nescafe Latte 240 ML","skcl","MANULIFE KUNINGAN 2","","3","6","3","2024-02-21 10:07:51"
"Nescafe CappuccIno 240 ML","sknc","MANULIFE KUNINGAN 2","","0","6","6","2024-02-12 17:07:28"
"Beng Beng Maxx","SK 22","MANULIFE KUNINGAN 2","","12","12","0","2024-02-12 17:24:14"
"Astor Double Coklat Kecil 40 GRAM","SK26","MANULIFE KUNINGAN 2","","0","5","5","2024-02-12 17:06:31"
"Tik Tak Original 90 GRAM","SK29","MANULIFE KUNINGAN 2","","6","10","4","2024-02-21 13:27:33"
"Hydro Coco 250ML","SK32","MANULIFE KUNINGAN 2","","6","14","8","2024-02-21 19:16:40"
"MIE SEDAP CUP GORENG","sk59","MANULIFE KUNINGAN 2","","3","4","1","2024-02-19 06:37:05"
"CIMORY COKLAT 250ML","Sk075","MANULIFE KUNINGAN 2","","0","7","7","2024-02-12 17:07:41"
"POCARI SWEAT 350ML","Sk082","MANULIFE KUNINGAN 2","","0","5","5","2024-02-28 19:28:30"
"MIE SEDAP CUP KARI AYAM SPESIAL","Sk087","MANULIFE KUNINGAN 2","","0","5","5","2024-02-20 15:57:46"
"CIMORY STRAWBERY 250ML","Sk90","MANULIFE KUNINGAN 2","","11","14","3","2024-02-20 15:57:53"
"MILKU COKLAT 200ML","Sk121","MANULIFE KUNINGAN 2","","0","7","7","2024-02-12 17:07:46"
"AW 250ML","SK-201","MANULIFE KUNINGAN 2","","12","12","0","2024-02-12 17:24:14"
"MONDE SERENA SNACK 25 GRAM","SK 202","MANULIFE KUNINGAN 2","","3","10","7","2024-02-27 15:09:05"
"MIE SEDAP CUP RAWIT BINGIT","SK 314","MANULIFE KUNINGAN 2","","0","4","4","2024-02-12 16:38:20"
"MILKU STRAWBERRY","SK 328","MANULIFE KUNINGAN 2","","0","6","6","2024-02-12 17:07:37"
"POKKA LYCHEE TEA","SK803","MANULIFE KUNINGAN 2","","3","5","2","2024-02-27 15:42:27"
"POKKA LEMON TEA","SK 376","MANULIFE KUNINGAN 2","","2","5","3","2024-02-26 15:50:35"
"LARUTAN CAP KAKI TIGA LECI","SK 377","MANULIFE KUNINGAN 2","","2","5","3","2024-02-28 19:28:54"
"FANTA STRAWBERRY 250ML CAN","SK 0202206085753","MANULIFE KUNINGAN 2","","0","6","6","2024-02-12 17:07:35"
"CIMORY MATCHA","SK 392","MANULIFE KUNINGAN 2","","0","7","7","2024-02-12 17:07:52"
"MIE SEDAAP SELECTION KOREAN SPICY","SK 396","MANULIFE KUNINGAN 2","","1","4","3","2024-02-21 17:38:26"
"CIMORY MARIE REGAL","SK-336","MANULIFE KUNINGAN 2","","5","7","2","2024-02-02 16:25:16"
"MONDE PIE MINI","Mp1","MANULIFE KUNINGAN 2","","0","0","0","2024-02-12 17:06:54"
"KUSUKA AYAM MADU","Kam 2","MANULIFE KUNINGAN 2","","3","5","2","2024-02-03 13:10:08"
"SUNKIST LEMON C","Sklc","MANULIFE KUNINGAN 2","","2","5","3","2024-02-21 17:17:09"
"WALLENS CHOCOSHOES","WCS001","MANULIFE KUNINGAN 2","","10","10","0","2024-02-12 17:24:13"
"GO POTATO","Gpot0101","MANULIFE KUNINGAN 2","","4","5","1","2024-02-12 17:24:13"
"CHIKI TWIST","SK-0200","MANULIFE KUNINGAN 2","","0","0","0","2024-02-12 17:07:15"
"EGG ROLL STRAWBERRY","EG-01","MANULIFE KUNINGAN 2","","3","12","9","2024-02-20 16:38:43"
"TARO potato barbecue","SK-TR 01","MANULIFE KUNINGAN 2","","2","5","3","2024-02-21 14:23:09"
"INACO MINI PUDDING","SK-INACO 200","MANULIFE KUNINGAN 2","","4","12","8","2024-02-05 16:05:32"
"WALENS BLUEBERRY SOES","SK-WB02","MANULIFE KUNINGAN 2","","3","5","2","2024-02-03 13:10:00"
"french fries 2000","SK-FF2000","MANULIFE KUNINGAN 2","","5","5","0","2024-02-12 17:24:14"
"NESCAFE ICE BLACK","SK-NES12","MANULIFE KUNINGAN 2","","4","6","2","2024-02-24 10:47:21"
"Spix mi goreng","Sk-003","MANULIFE KUNINGAN 2","","7","15","8","2024-02-21 17:26:16"
"TWISTKO","SK-TW001","MANULIFE KUNINGAN 2","","1","5","4","2024-02-27 15:42:34"
"yoritos","sk-y001","MANULIFE KUNINGAN 2","","8","10","2","2024-02-12 17:24:14"
"mayasi paw","sk-mp004","MANULIFE KUNINGAN 2","","5","5","0","2024-02-12 17:24:14"
"potato q rasa rumput laut","sk-pq002","MANULIFE KUNINGAN 2","","2","5","3","2024-02-26 14:35:02"
"TEH SEJUK","SK-TS01","MANULIFE KUNINGAN 2","","2","5","3","2024-02-28 17:47:03"
"Le Mineral 600ML","SK-01","GRIYA PATRIA GUEST HOUSE","","23","25","2","2024-02-29 02:44:11"
"Teh Pucuk 350ML","SK-6","GRIYA PATRIA GUEST HOUSE","","7","12","5","2024-02-29 22:20:18"
"Nescafe Latte 240 ML","skcl","GRIYA PATRIA GUEST HOUSE","","5","7","2","2024-02-29 14:21:21"
"Nescafe CappuccIno 240 ML","sknc","GRIYA PATRIA GUEST HOUSE","","5","7","2","2024-02-29 14:21:21"
"Beng Beng Maxx","SK 22","GRIYA PATRIA GUEST HOUSE","","8","12","4","2024-02-29 14:23:43"
"Astor Double Coklat Kecil 40 GRAM","SK26","GRIYA PATRIA GUEST HOUSE","","6","10","4","2024-02-29 14:23:43"
"Tik Tak Sapi Panggang 90 GRAM","SK28","GRIYA PATRIA GUEST HOUSE","","0","5","5","2024-02-06 15:35:05"
"Hydro Coco 250ML","SK32","GRIYA PATRIA GUEST HOUSE","","7","12","5","2024-02-29 22:20:27"
"Pulpy Orange 300ML","sk52","GRIYA PATRIA GUEST HOUSE","","4","5","1","2024-02-28 16:12:22"
"MIE SEDAP CUP GORENG","sk59","GRIYA PATRIA GUEST HOUSE","","0","4","4","2024-02-21 13:53:40"
"SUKRO OVEN 25 GRAM","Sk081","GRIYA PATRIA GUEST HOUSE","","0","5","5","2024-02-28 16:09:26"
"MIE SEDAP CUP KARI AYAM SPESIAL","Sk087","GRIYA PATRIA GUEST HOUSE","","3","4","1","2024-02-28 23:02:55"
"CIMORY STRAWBERY 250ML","Sk90","GRIYA PATRIA GUEST HOUSE","","9","14","5","2024-02-29 14:21:21"
"Coca cola kaleng 250ml","Sk97","GRIYA PATRIA GUEST HOUSE","","5","7","2","2024-02-29 14:21:21"
"AW 250ML","SK-201","GRIYA PATRIA GUEST HOUSE","","11","14","3","2024-02-29 14:22:41"
"MONDE SERENA SNACK 25 GRAM","SK 202","GRIYA PATRIA GUEST HOUSE","","3","4","1","2024-02-28 23:03:32"
"MIE SEDAP CUP RAWIT BINGIT","SK 314","GRIYA PATRIA GUEST HOUSE","","0","4","4","2024-02-21 13:35:55"
"FANTA KALENG 250ML","SK 318","GRIYA PATRIA GUEST HOUSE","","5","7","2","2024-02-29 14:22:41"
"MILKU STRAWBERRY","SK 328","GRIYA PATRIA GUEST HOUSE","","0","6","6","2024-02-02 14:03:36"
"SPRITE KALENG 250ML","SK 356","GRIYA PATRIA GUEST HOUSE","","5","7","2","2024-02-29 14:21:21"
"POKKA LYCHEE TEA","SK803","GRIYA PATRIA GUEST HOUSE","","0","5","5","2024-02-21 13:38:13"
"POKKA LEMON TEA","SK 376","GRIYA PATRIA GUEST HOUSE","","4","5","1","2024-02-28 16:12:22"
"INACO IM COCO LECI","SK 558","GRIYA PATRIA GUEST HOUSE","","0","5","5","2024-02-21 13:38:25"
"MIE SEDAAP SELECTION KOREAN SPICY","SK 396","GRIYA PATRIA GUEST HOUSE","","3","4","1","2024-02-29 22:55:58"
"MONDE EGG ROLL CHOCOLATE","Sk-446","GRIYA PATRIA GUEST HOUSE","","4","12","8","2024-02-29 14:23:43"
"PANDA CINCAU JELLY","Pcl01","GRIYA PATRIA GUEST HOUSE","","7","10","3","2024-02-28 20:54:42"
"KUSUKA AYAM MADU","Kam 2","GRIYA PATRIA GUEST HOUSE","","5","5","0","2024-02-28 16:09:20"
"WALLENS CHOCOSHOES","WCS001","GRIYA PATRIA GUEST HOUSE","","4","5","1","2024-02-28 16:12:22"
"CIMORY ALMOND","SK-470","GRIYA PATRIA GUEST HOUSE","","6","7","1","2024-02-29 14:22:41"
"EGG ROLL CHEESE","EGG-03","GRIYA PATRIA GUEST HOUSE","","3","12","9","2024-02-24 08:40:59"
"MILO ORIGINAL 220ML","SK-MI03","GRIYA PATRIA GUEST HOUSE","","5","7","2","2024-02-29 14:22:41"
"WALENS BLUEBERRY SOES","SK-WB02","GRIYA PATRIA GUEST HOUSE","","2","5","3","2024-02-23 18:06:38"
"french fries 2000","SK-FF2000","GRIYA PATRIA GUEST HOUSE","","13","15","2","2024-02-29 22:20:08"
"NESCAFE ICE BLACK","SK-NES12","GRIYA PATRIA GUEST HOUSE","","5","7","2","2024-02-29 14:22:41"
"Spix mi goreng","Sk-003","GRIYA PATRIA GUEST HOUSE","","4","4","0","2024-02-28 16:12:21"
"TWISTKO","SK-TW001","GRIYA PATRIA GUEST HOUSE","","0","5","5","2024-02-28 16:09:30"
"LASEGAR LEMON","SKL-03","GRIYA PATRIA GUEST HOUSE","","0","5","5","2024-02-02 14:03:36"
"POCARI SWEAT KALENG/CAN 330ML","PK-03","GRIYA PATRIA GUEST HOUSE","","2","5","3","2024-02-27 11:17:57"
"TEH SEJUK","SK-TS01","GRIYA PATRIA GUEST HOUSE","","8","12","4","2024-02-29 16:02:46"
"POTAKREZ sapi panggang","SK-p005","GRIYA PATRIA GUEST HOUSE","","8","10","2","2024-02-28 16:12:22"
"Mie Sedaap Soto","SK-2","ARGAPURA 2","","2","4","2","2024-02-28 16:51:23"
"Teh Pucuk 350ML","SK-6","ARGAPURA 2","","6","10","4","2024-02-29 15:00:05"
"YOU C1000 orange water 500ML","skyouc","ARGAPURA 2","","9","10","1","2024-02-27 10:04:13"
"Nescafe Latte 240 ML","skcl","ARGAPURA 2","","12","12","0","2024-02-26 15:43:02"
"Nescafe CappuccIno 240 ML","sknc","ARGAPURA 2","","0","6","6","2024-02-26 15:32:06"
"Beng Beng Maxx","SK 22","ARGAPURA 2","","11","12","1","2024-02-26 15:41:28"
"Astor Double Coklat Kecil 40 GRAM","SK26","ARGAPURA 2","","5","5","0","2024-02-26 15:43:02"
"Tik Tak Sapi Panggang 90 GRAM","SK28","ARGAPURA 2","","0","5","5","2024-02-02 12:19:37"
"Tik Tak Original 90 GRAM","SK29","ARGAPURA 2","","3","5","2","2024-02-05 10:00:37"
"Hydro Coco 250ML","SK32","ARGAPURA 2","","13","14","1","2024-02-27 01:09:50"
"Pulpy Orange 300ML","sk52","ARGAPURA 2","","0","5","5","2024-02-28 11:39:45"
"MIE SEDAP CUP GORENG","sk59","ARGAPURA 2","","4","4","0","2024-02-26 15:41:28"
"CIMORY COKLAT 250ML","Sk075","ARGAPURA 2","","11","12","1","2024-02-26 15:41:28"
"SUKRO OVEN 25 GRAM","Sk081","ARGAPURA 2","","4","5","1","2024-02-26 18:16:21"
"MIE SEDAP CUP KARI AYAM SPESIAL","Sk087","ARGAPURA 2","","3","4","1","2024-02-27 15:04:59"
"CIMORY STRAWBERY 250ML","Sk90","ARGAPURA 2","","3","7","4","2024-02-21 18:51:02"
"Coca cola kaleng 250ml","Sk97","ARGAPURA 2","","5","7","2","2024-02-28 14:52:54"
"MILKU COKLAT 200ML","Sk121","ARGAPURA 2","","0","5","5","2024-02-26 15:31:40"
"CROISANT 60 GRAM","Sk122","ARGAPURA 2","","8","10","2","2024-02-27 10:53:25"
"AQUA 600ml","Sk124","ARGAPURA 2","","18","20","2","2024-02-28 16:45:25"
"MONDE SERENA SNACK 25 GRAM","SK 202","ARGAPURA 2","","0","5","5","2024-02-26 15:28:56"
"FANTA KALENG 250ML","SK 318","ARGAPURA 2","","0","0","0","2024-02-26 15:32:38"
"MILKU STRAWBERRY","SK 328","ARGAPURA 2","","0","6","6","2024-02-26 15:32:15"
"SPRITE KALENG 250ML","SK 356","ARGAPURA 2","","5","6","1","2024-02-27 15:04:48"
"INACO MINI JELLY AND PUDDING","SK 371","ARGAPURA 2","","5","5","0","2024-02-26 15:41:27"
"POKKA LEMON TEA","SK 376","ARGAPURA 2","","3","5","2","2024-02-29 11:52:13"
"LARUTAN CAP KAKI TIGA LECI","SK 377","ARGAPURA 2","","4","5","1","2024-02-29 18:16:56"
"INACO IM COCO LECI","SK 558","ARGAPURA 2","","10","10","0","2024-02-26 15:41:27"
"CIMORY MATCHA","SK 392","ARGAPURA 2","","11","14","3","2024-02-26 15:41:27"
"Sedap selection cup","Ss01","ARGAPURA 2","","2","4","2","2024-02-28 18:04:17"
"MONDE EGG ROLL CHOCOLATE","Sk-446","ARGAPURA 2","","6","12","6","2024-02-22 10:36:06"
"CIMORY MARIE REGAL","SK-336","ARGAPURA 2","","2","6","4","2024-02-12 18:09:24"
"PANDA CINCAU JELLY","Pcl01","ARGAPURA 2","","7","10","3","2024-02-29 11:50:17"
"WALLENS CHOCOSHOES","WCS001","ARGAPURA 2","","6","10","4","2024-02-27 12:38:39"
"EGG ROLL CHEESE","EGG-03","ARGAPURA 2","","4","12","8","2024-02-22 10:35:58"
"MILO ORIGINAL 220ML","SK-MI03","ARGAPURA 2","","0","7","7","2024-02-26 15:33:16"
"french fries 2000","SK-FF2000","ARGAPURA 2","","5","5","0","2024-02-26 15:43:02"
"Lasegar leci lemon","sk-las01","ARGAPURA 2","","0","5","5","2024-02-26 15:31:44"
"LASEGAR LEMON","SKL-03","ARGAPURA 2","","4","5","1","2024-02-28 16:44:01"
"potato q rasa sosis meksiko","sk-pq003","ARGAPURA 2","","5","5","0","2024-02-26 15:41:28"
"POTAKREZ sapi panggang","SK-p005","ARGAPURA 2","","0","5","5","2024-02-26 15:30:15"
"Teh Pucuk 350ML","SK-6","PULOMAS 2","","8","15","7","2024-02-29 20:41:46"
"Kopiko Lucky Day 180 ML","SK-10","PULOMAS 2","","10","14","4","2024-02-29 10:11:16"
"YOU C1000 orange water 500ML","skyouc","PULOMAS 2","","9","12","3","2024-02-28 13:46:56"
"Nescafe Latte 240 ML","skcl","PULOMAS 2","","0","7","7","2024-02-22 14:24:17"
"Nescafe CappuccIno 240 ML","sknc","PULOMAS 2","","2","7","5","2024-02-20 14:14:24"
"Beng Beng Maxx","SK 22","PULOMAS 2","","0","12","12","2024-02-26 14:07:56"
"Tik Tak Sapi Panggang 90 GRAM","SK28","PULOMAS 2","","0","5","5","2024-02-20 12:42:53"
"Hydro Coco 250ML","SK32","PULOMAS 2","","5","14","9","2024-02-29 10:09:34"
"AW 330ML","SK57","PULOMAS 2","","6","7","1","2024-02-27 13:07:17"
"MIE SEDAP CUP GORENG","sk59","PULOMAS 2","","2","4","2","2024-02-15 17:26:25"
"SUKRO OVEN 25 GRAM","Sk081","PULOMAS 2","","0","5","5","2024-02-29 10:09:44"
"POCARI SWEAT 350ML","Sk082","PULOMAS 2","","4","6","2","2024-02-26 12:57:54"
"MILKU COKLAT 200ML","Sk121","PULOMAS 2","","0","7","7","2024-02-16 20:04:22"
"CROISANT 60 GRAM","Sk122","PULOMAS 2","","1","5","4","2024-02-28 09:56:18"
"AQUA 600ml","Sk124","PULOMAS 2","","0","5","5","2024-02-16 20:03:41"
"MIE SEDAP CUP RAWIT BINGIT","SK 314","PULOMAS 2","","0","4","4","2024-02-28 18:04:20"
"MILKU STRAWBERRY","SK 328","PULOMAS 2","","0","7","7","2024-02-16 20:04:25"
"SPRITE KALENG 250ML","SK 356","PULOMAS 2","","1","7","6","2024-02-27 12:37:29"
"POKKA LYCHEE TEA","SK803","PULOMAS 2","","0","5","5","2024-02-28 12:17:21"
"POKKA LEMON TEA","SK 376","PULOMAS 2","","0","5","5","2024-02-16 20:03:46"
"LARUTAN CAP KAKI TIGA LECI","SK 377","PULOMAS 2","","2","5","3","2024-02-15 15:01:03"
"INACO IM COCO LECI","SK 558","PULOMAS 2","","0","6","6","2024-02-16 20:04:03"
"MIE SEDAAP SELECTION KOREAN SPICY","SK 396","PULOMAS 2","","2","4","2","2024-02-21 16:12:09"
"KUSUKA AYAM MADU","Kam 2","PULOMAS 2","","8","10","2","2024-02-22 12:09:58"
"LE MINERALE 2","Lm001","PULOMAS 2","","14","20","6","2024-02-28 12:20:15"
"MILO ORIGINAL 220ML","SK-MI03","PULOMAS 2","","9","14","5","2024-02-28 08:52:28"
"WALENS BLUEBERRY SOES","SK-WB02","PULOMAS 2","","4","5","1","2024-02-19 12:18:18"
"NESCAFE ICE BLACK","SK-NES12","PULOMAS 2","","3","6","3","2024-02-28 09:57:14"
"Tic tic rasa bawang asli","SK-tic01","PULOMAS 2","","2","4","2","2024-02-28 12:17:31"
"LASEGAR LEMON","SKL-03","PULOMAS 2","","2","5","3","2024-02-29 14:50:59"
"bro tatoz rasa rumput laut","sk-023","PULOMAS 2","","1","5","4","2024-02-21 15:41:21"
"Mie Sedaap Soto","SK-2","SAMSUNG KUNINGAN 1","","0","4","4","2024-02-22 17:53:44"
"Beng Beng Maxx","SK 22","SAMSUNG KUNINGAN 1","","0","11","11","2024-02-21 12:41:18"
"Tik Tak Sapi Panggang 90 GRAM","SK28","SAMSUNG KUNINGAN 1","","3","5","2","2024-02-29 07:41:10"
"MIE SEDAP CUP GORENG","sk59","SAMSUNG KUNINGAN 1","","2","4","2","2024-02-17 10:29:25"
"POCARI SWEAT 350ML","Sk082","SAMSUNG KUNINGAN 1","","0","5","5","2024-02-13 09:24:19"
"CROISANT 60 GRAM","Sk122","SAMSUNG KUNINGAN 1","","0","5","5","2024-02-12 10:57:01"
"AW 250ML","SK-201","SAMSUNG KUNINGAN 1","","1","6","5","2024-02-29 15:12:21"
"LARUTAN CAP KAKI TIGA LECI","SK 377","SAMSUNG KUNINGAN 1","","0","5","5","2024-02-22 10:41:30"
"INACO IM COCO LECI","SK 558","SAMSUNG KUNINGAN 1","","0","6","6","2024-02-29 10:13:04"
"CIMORY MATCHA","SK 392","SAMSUNG KUNINGAN 1","","0","6","6","2024-02-29 15:50:33"
"MONDE EGG ROLL CHOCOLATE","Sk-446","SAMSUNG KUNINGAN 1","","1","16","15","2024-02-22 17:36:18"
"KUSUKA AYAM MADU","Kam 2","SAMSUNG KUNINGAN 1","","8","10","2","2024-02-13 08:49:02"
"KRIZZI","SK-591","SAMSUNG KUNINGAN 1","","1","5","4","2024-02-12 17:14:36"
"EGG ROLL STRAWBERRY","EG-01","SAMSUNG KUNINGAN 1","","1","16","15","2024-02-01 18:38:20"
"CHIKI twist ayam panggang","SK-CHK02","SAMSUNG KUNINGAN 1","","2","5","3","2024-02-29 18:20:11"
"INACO MINI PUDDING","SK-INACO 200","SAMSUNG KUNINGAN 1","","5","11","6","2024-02-21 12:41:36"
"MILO ORIGINAL 220ML","SK-MI03","SAMSUNG KUNINGAN 1","","2","6","4","2024-02-13 10:08:22"
"french fries 2000","SK-FF2000","SAMSUNG KUNINGAN 1","","1","5","4","2024-02-21 12:41:27"
"yoritos","sk-y001","SAMSUNG KUNINGAN 1","","4","5","1","2024-02-12 11:00:01"
"TEH SEJUK","SK-TS01","SAMSUNG KUNINGAN 1","","0","10","10","2024-02-13 08:49:12"
"Kopiko Lucky Day 180 ML","SK-10","SAMSUNG KUNINGAN 2","","0","6","6","2024-02-15 12:08:56"
"Beng Beng Maxx","SK 22","SAMSUNG KUNINGAN 2","","10","22","12","2024-02-27 09:58:00"
"MIE SEDAP CUP GORENG","sk59","SAMSUNG KUNINGAN 2","","0","4","4","2024-02-07 20:06:54"
"SUKRO OVEN 25 GRAM","Sk081","SAMSUNG KUNINGAN 2","","0","5","5","2024-02-13 12:54:48"
"POCARI SWEAT 350ML","Sk082","SAMSUNG KUNINGAN 2","","0","10","10","2024-02-23 18:24:41"
"CROISANT 60 GRAM","Sk122","SAMSUNG KUNINGAN 2","","0","5","5","2024-02-16 12:50:58"
"INACO MINI JELLY AND PUDDING","SK 371","SAMSUNG KUNINGAN 2","","5","11","6","2024-02-07 18:38:15"
"LARUTAN CAP KAKI TIGA LECI","SK 377","SAMSUNG KUNINGAN 2","","1","10","9","2024-02-16 13:14:36"
"POTATO CHIP  50G","SK 590","SAMSUNG KUNINGAN 2","","2","4","2","2024-02-23 15:39:57"
"CIMORY MATCHA","SK 392","SAMSUNG KUNINGAN 2","","0","6","6","2024-02-15 12:09:13"
"MIE SEDAAP SELECTION KOREAN SPICY","SK 396","SAMSUNG KUNINGAN 2","","1","4","3","2024-02-14 11:43:25"
"CIMORY MARIE REGAL","SK-336","SAMSUNG KUNINGAN 2","","0","6","6","2024-02-15 09:31:09"
"KRIZZI","SK-591","SAMSUNG KUNINGAN 2","","1","5","4","2024-02-17 12:41:56"
"WALENS BLUEBERRY SOES","SK-WB02","SAMSUNG KUNINGAN 2","","1","5","4","2024-02-23 13:44:05"
"french fries 2000","SK-FF2000","SAMSUNG KUNINGAN 2","","0","5","5","2024-02-15 15:35:00"
"TWISTKO","SK-TW001","SAMSUNG KUNINGAN 2","","0","5","5","2024-02-15 15:16:31"
"iyes mix","sk-i001","SAMSUNG KUNINGAN 2","","5","16","11","2024-02-07 18:32:04"
"POTAKREZ sapi panggang","SK-p005","SAMSUNG KUNINGAN 2","","2","5","3","2024-02-19 17:42:29"
"YOU C1000 orange water 500ML","skyouc","CLUSTER ATHALIA 1","","1","10","9","2024-02-13 17:57:55"
"Nescafe CappuccIno 240 ML","sknc","CLUSTER ATHALIA 1","","0","7","7","2024-02-05 16:16:34"
"Beng Beng Maxx","SK 22","CLUSTER ATHALIA 1","","6","12","6","2024-02-24 17:17:06"
"Hydro Coco 250ML","SK32","CLUSTER ATHALIA 1","","0","7","7","2024-02-21 21:25:35"
"CIMORY COKLAT 250ML","Sk075","CLUSTER ATHALIA 1","","6","7","1","2024-02-22 19:28:48"
"SUKRO OVEN 25 GRAM","Sk081","CLUSTER ATHALIA 1","","2","5","3","2024-02-22 19:15:11"
"POCARI SWEAT 350ML","Sk082","CLUSTER ATHALIA 1","","0","10","10","2024-02-16 20:21:18"
"Coca cola kaleng 250ml","Sk97","CLUSTER ATHALIA 1","","0","7","7","2024-02-28 20:25:08"
"MILKU COKLAT 200ML","Sk121","CLUSTER ATHALIA 1","","1","7","6","2024-02-28 17:32:28"
"MONDE SERENA SNACK 25 GRAM","SK 202","CLUSTER ATHALIA 1","","4","5","1","2024-02-13 20:30:42"
"TARO COWBOY STEAK","SK 311","CLUSTER ATHALIA 1","","0","5","5","2024-02-06 20:46:39"
"MILKU STRAWBERRY","SK 328","CLUSTER ATHALIA 1","","2","7","5","2024-02-24 20:55:54"
"SPRITE KALENG 250ML","SK 356","CLUSTER ATHALIA 1","","0","7","7","2024-02-28 17:29:42"
"POKKA LYCHEE TEA","SK803","CLUSTER ATHALIA 1","","0","5","5","2024-02-13 21:36:18"
"LARUTAN CAP KAKI TIGA LECI","SK 377","CLUSTER ATHALIA 1","","1","5","4","2024-02-22 19:15:21"
"INACO IM COCO LECI","SK 558","CLUSTER ATHALIA 1","","0","6","6","2024-02-28 21:16:40"
"CIMORY MARIE REGAL","SK-336","CLUSTER ATHALIA 1","","0","6","6","2024-02-28 17:30:14"
"KUSUKA AYAM MADU","Kam 2","CLUSTER ATHALIA 1","","4","5","1","2024-02-03 21:06:34"
"LE MINERALE 2","Lm001","CLUSTER ATHALIA 1","","0","18","18","2024-02-10 17:11:37"
"EGG ROLL STRAWBERRY","EG-01","CLUSTER ATHALIA 1","","4","12","8","2024-02-03 19:35:53"
"MILO ORIGINAL 220ML","SK-MI03","CLUSTER ATHALIA 1","","0","7","7","2024-02-16 20:55:19"
"NESCAFE ICE BLACK","SK-NES12","CLUSTER ATHALIA 1","","0","7","7","2024-02-12 16:19:55"
"Spix mi goreng","Sk-003","CLUSTER ATHALIA 1","","3","5","2","2024-02-19 18:18:28"
"Tic tic rasa bawang asli","SK-tic01","CLUSTER ATHALIA 1","","0","5","5","2024-02-02 15:50:16"
"TEH SEJUK","SK-TS01","CLUSTER ATHALIA 1","","0","5","5","2024-02-17 20:25:28"
"POTAKREZ sapi panggang","SK-p005","CLUSTER ATHALIA 1","","5","5","0","2024-02-02 16:00:01"
"YOU C1000 orange water 500ML","skyouc","SENTRA TIMUR 2","","0","5","5","2024-02-28 20:31:48"
"Nescafe CappuccIno 240 ML","sknc","SENTRA TIMUR 2","","6","7","1","2024-02-29 22:26:01"
"Beng Beng Maxx","SK 22","SENTRA TIMUR 2","","8","12","4","2024-02-28 20:55:07"
"Hydro Coco 250ML","SK32","SENTRA TIMUR 2","","6","6","0","2024-02-28 20:55:07"
"MIE SEDAP CUP GORENG","sk59","SENTRA TIMUR 2","","4","4","0","2024-02-28 20:55:07"
"SUKRO OVEN 25 GRAM","Sk081","SENTRA TIMUR 2","","9","10","1","2024-02-28 23:52:20"
"MILKU COKLAT 200ML","Sk121","SENTRA TIMUR 2","","0","6","6","2024-02-28 20:32:23"
"MIE SEDAP CUP RAWIT BINGIT","SK 314","SENTRA TIMUR 2","","3","4","1","2024-02-29 21:55:41"
"FANTA KALENG 250ML","SK 318","SENTRA TIMUR 2","","6","6","0","2024-02-28 20:55:07"
"SPRITE KALENG 250ML","SK 356","SENTRA TIMUR 2","","6","6","0","2024-02-28 20:55:07"
"POKKA LEMON TEA","SK 376","SENTRA TIMUR 2","","5","5","0","2024-02-28 20:55:07"
"LARUTAN CAP KAKI TIGA LECI","SK 377","SENTRA TIMUR 2","","3","5","2","2024-02-29 23:04:16"
"KUSUKA AYAM MADU","Kam 2","SENTRA TIMUR 2","","5","5","0","2024-02-28 20:55:07"
"french fries 2000","SK-FF2000","SENTRA TIMUR 2","","5","5","0","2024-02-28 20:55:07"
"Spix mi goreng","Sk-003","SENTRA TIMUR 2","","5","5","0","2024-02-28 20:55:07"
"TWISTKO","SK-TW001","SENTRA TIMUR 2","","5","5","0","2024-02-28 20:55:07"
"POCARI SWEAT KALENG/CAN 330ML","PK-03","SENTRA TIMUR 2","","10","10","0","2024-02-28 20:55:07"
"TEH SEJUK","SK-TS01","SENTRA TIMUR 2","","5","5","0","2024-02-28 20:55:08"
"Le Mineral 600ML","SK-01","RSCM 1","","13","20","7","2024-02-28 21:51:45"
"Teh Pucuk 350ML","SK-6","RSCM 1","","10","10","0","2024-02-24 12:13:14"
"Kopiko Lucky Day 180 ML","SK-10","RSCM 1","","7","7","0","2024-02-24 12:13:14"
"YOU C1000 orange water 500ML","skyouc","RSCM 1","","13","15","2","2024-02-28 21:53:16"
"Nescafe Latte 240 ML","skcl","RSCM 1","","7","7","0","2024-02-24 12:13:14"
"Nescafe CappuccIno 240 ML","sknc","RSCM 1","","3","6","3","2024-02-16 12:58:36"
"Beng Beng Maxx","SK 22","RSCM 1","","3","12","9","2024-02-12 18:21:02"
"Hydro Coco 250ML","SK32","RSCM 1","","12","12","0","2024-02-24 12:13:14"
"Pulpy Orange 300ML","sk52","RSCM 1","","8","10","2","2024-02-20 19:28:36"
"Coca Cola Kaleng 330ML","sk63","RSCM 1","","5","7","2","2024-02-24 08:19:38"
"CIMORY COKLAT 250ML","Sk075","RSCM 1","","3","7","4","2024-02-22 09:50:16"
"POCARI SWEAT 350ML","Sk082","RSCM 1","","7","10","3","2024-02-27 18:50:50"
"MIE SEDAP CUP KARI AYAM SPESIAL","Sk087","RSCM 1","","2","4","2","2024-02-24 08:19:45"
"CROISANT 60 GRAM","Sk122","RSCM 1","","5","5","0","2024-02-24 12:13:14"
"AW 250ML","SK-201","RSCM 1","","9","12","3","2024-02-24 12:13:14"
"MONDE SERENA SNACK 25 GRAM","SK 202","RSCM 1","","2","5","3","2024-02-24 08:20:31"
"MIE SEDAP CUP RAWIT BINGIT","SK 314","RSCM 1","","4","4","0","2024-02-24 12:13:14"
"POKKA LYCHEE TEA","SK803","RSCM 1","","2","5","3","2024-02-23 21:49:04"
"POKKA LEMON TEA","SK 376","RSCM 1","","4","5","1","2024-02-27 18:18:09"
"MONDE EGG ROLL CHOCOLATE","Sk-446","RSCM 1","","12","12","0","2024-02-24 12:13:14"
"PANDA CINCAU JELLY","Pcl01","RSCM 1","","5","5","0","2024-02-24 12:13:14"
"KUSUKA AYAM MADU","Kam 2","RSCM 1","","4","4","0","2024-02-24 12:13:14"
"WALLENS CHOCOSHOES","WCS001","RSCM 1","","3","5","2","2024-02-20 17:28:53"
"MILO ORIGINAL 220ML","SK-MI03","RSCM 1","","4","7","3","2024-02-27 18:52:50"
"french fries 2000","SK-FF2000","RSCM 1","","4","5","1","2024-02-24 12:13:14"
"TWISTKO","SK-TW001","RSCM 1","","3","4","1","2024-02-20 17:29:46"
"yoritos","sk-y001","RSCM 1","","4","5","1","2024-02-08 09:06:38"
"mayasi paw","sk-mp004","RSCM 1","","3","5","2","2024-02-08 09:02:33"
"TEH SEJUK","SK-TS01","RSCM 1","","0","5","5","2024-02-24 12:06:18"
"Mie Sedaap Soto","SK-2","AXA KUNINGAN 2","","1","4","3","2024-02-28 12:04:30"
"Teh Pucuk 350ML","SK-6","AXA KUNINGAN 2","","4","6","2","2024-02-28 18:23:39"
"Kopiko Lucky Day 180 ML","SK-10","AXA KUNINGAN 2","","9","13","4","2024-02-20 11:57:52"
"Kacang Mayasi","SK-17","AXA KUNINGAN 2","","3","5","2","2024-02-13 16:04:58"
"YOU C1000 orange water 500ML","skyouc","AXA KUNINGAN 2","","9","10","1","2024-02-21 17:45:39"
"Beng Beng Maxx","SK 22","AXA KUNINGAN 2","","7","12","5","2024-02-28 11:04:14"
"Astor Double Coklat Kecil 40 GRAM","SK26","AXA KUNINGAN 2","","9","10","1","2024-02-27 18:02:12"
"Tik Tak Sapi Panggang 90 GRAM","SK28","AXA KUNINGAN 2","","0","5","5","2024-02-17 14:54:05"
"Hydro Coco 250ML","SK32","AXA KUNINGAN 2","","0","7","7","2024-02-27 16:40:40"
"MIE SEDAP CUP GORENG","sk59","AXA KUNINGAN 2","","4","4","0","2024-02-24 17:37:39"
"CIMORY COKLAT 250ML","Sk075","AXA KUNINGAN 2","","6","7","1","2024-02-26 09:39:48"
"SUKRO OVEN 25 GRAM","Sk081","AXA KUNINGAN 2","","2","5","3","2024-02-23 18:18:22"
"POCARI SWEAT 350ML","Sk082","AXA KUNINGAN 2","","7","12","5","2024-02-24 17:37:40"
"MIE SEDAP CUP KARI AYAM SPESIAL","Sk087","AXA KUNINGAN 2","","0","4","4","2024-02-24 17:31:02"
"CROISANT 60 GRAM","Sk122","AXA KUNINGAN 2","","0","5","5","2024-02-26 17:13:15"
"MONDE SERENA SNACK 25 GRAM","SK 202","AXA KUNINGAN 2","","0","5","5","2024-02-26 17:13:06"
"MIE SEDAP CUP RAWIT BINGIT","SK 314","AXA KUNINGAN 2","","0","4","4","2024-02-24 17:31:04"
"FANTA KALENG 250ML","SK 318","AXA KUNINGAN 2","","5","7","2","2024-02-23 16:56:39"
"Oi Ocha Green Tea 300 ml","SK-Ito-Tea","AXA KUNINGAN 2","","4","6","2","2024-02-20 16:04:32"
"MILKIS ORIGINAL","SK 809","AXA KUNINGAN 2","","2","7","5","2024-02-28 21:30:30"
"CIMORY MARIE REGAL","SK-336","AXA KUNINGAN 2","","2","7","5","2024-02-27 11:11:56"
"KUSUKA AYAM MADU","Kam 2","AXA KUNINGAN 2","","3","5","2","2024-02-26 17:55:31"
"WALLENS CHOCOSHOES","WCS001","AXA KUNINGAN 2","","2","4","2","2024-02-27 18:02:20"
"KRIZZI COKLAT","KC100","AXA KUNINGAN 2","","7","10","3","2024-02-28 21:46:52"
"OATSIDE COFFEE","SK-1002","AXA KUNINGAN 2","","9","14","5","2024-02-24 17:37:39"
"MILO ORIGINAL 220ML","SK-MI03","AXA KUNINGAN 2","","4","7","3","2024-02-27 16:04:50"
"WALENS BLUEBERRY SOES","SK-WB02","AXA KUNINGAN 2","","4","5","1","2024-02-26 17:17:53"
"french fries 2000","SK-FF2000","AXA KUNINGAN 2","","1","5","4","2024-02-27 18:07:03"
"NESCAFE ICE BLACK","SK-NES12","AXA KUNINGAN 2","","5","7","2","2024-02-05 13:50:52"
"Spix mi goreng","Sk-003","AXA KUNINGAN 2","","5","10","5","2024-02-29 18:20:33"
"TWISTKO","SK-TW001","AXA KUNINGAN 2","","3","5","2","2024-02-27 17:37:40"
"Tic tic rasa bawang asli","SK-tic01","AXA KUNINGAN 2","","0","0","0","2024-02-24 17:31:27"
"potato q rasa rumput laut","sk-pq002","AXA KUNINGAN 2","","0","5","5","2024-02-02 13:19:16"
"POTAKREZ sapi panggang","SK-p005","AXA KUNINGAN 2","","3","5","2","2024-02-17 15:04:52"
"black thunder","sk-1212","AXA KUNINGAN 2","","4","12","8","2024-02-24 17:37:40"
"Mie Sedaap Soto","SK-2","AXA KUNINGAN 1","","3","4","1","2024-02-26 07:21:26"
"Teh Pucuk 350ML","SK-6","AXA KUNINGAN 1","","4","5","1","2024-02-26 08:43:16"
"YOU C1000 orange water 500ML","skyouc","AXA KUNINGAN 1","","3","5","2","2024-02-13 13:12:00"
"Nescafe CappuccIno 240 ML","sknc","AXA KUNINGAN 1","","5","6","1","2024-02-24 15:55:30"
"Beng Beng Maxx","SK 22","AXA KUNINGAN 1","","12","12","0","2024-02-24 15:55:29"
"Astor Double Coklat Kecil 40 GRAM","SK26","AXA KUNINGAN 1","","7","10","3","2024-02-24 15:55:30"
"Hydro Coco 250ML","SK32","AXA KUNINGAN 1","","12","14","2","2024-02-24 15:55:30"
"MIE SEDAP CUP GORENG","sk59","AXA KUNINGAN 1","","2","4","2","2024-02-29 09:38:03"
"CIMORY COKLAT 250ML","Sk075","AXA KUNINGAN 1","","1","6","5","2024-02-27 08:46:05"
"SUKRO OVEN 25 GRAM","Sk081","AXA KUNINGAN 1","","0","5","5","2024-02-29 08:58:46"
"POCARI SWEAT 350ML","Sk082","AXA KUNINGAN 1","","3","6","3","2024-02-15 07:36:06"
"CROISANT 60 GRAM","Sk122","AXA KUNINGAN 1","","7","10","3","2024-02-28 08:36:23"
"MONDE SERENA SNACK 25 GRAM","SK 202","AXA KUNINGAN 1","","3","5","2","2024-02-22 11:00:28"
"MIE SEDAP CUP RAWIT BINGIT","SK 314","AXA KUNINGAN 1","","2","4","2","2024-02-29 17:50:05"
"Oi Ocha Green Tea 300 ml","SK-Ito-Tea","AXA KUNINGAN 1","","4","5","1","2024-02-20 13:22:08"
"LARUTAN CAP KAKI TIGA LECI","SK 377","AXA KUNINGAN 1","","4","5","1","2024-02-20 10:35:49"
"MILKIS ORIGINAL","SK 809","AXA KUNINGAN 1","","2","6","4","2024-02-22 16:31:24"
"CIMORY MARIE REGAL","SK-336","AXA KUNINGAN 1","","3","6","3","2024-02-23 10:14:07"
"PANDA CINCAU JELLY","Pcl01","AXA KUNINGAN 1","","4","5","1","2024-02-28 11:22:28"
"ITO EN OLONG","Ito66","AXA KUNINGAN 1","","3","5","2","2024-02-26 07:21:36"
"KRIZZI COKLAT","KC100","AXA KUNINGAN 1","","9","10","1","2024-02-27 15:04:32"
"OATSIDE COFFEE","SK-1002","AXA KUNINGAN 1","","11","14","3","2024-02-26 16:13:57"
"EGG ROLL STRAWBERRY","EG-01","AXA KUNINGAN 1","","1","12","11","2024-02-29 08:58:55"
"TARO potato barbecue","SK-TR 01","AXA KUNINGAN 1","","0","5","5","2024-02-17 13:14:13"
"MILO ORIGINAL 220ML","SK-MI03","AXA KUNINGAN 1","","5","7","2","2024-02-24 15:55:30"
"WALENS BLUEBERRY SOES","SK-WB02","AXA KUNINGAN 1","","0","0","0","2024-02-24 15:49:29"
"french fries 2000","SK-FF2000","AXA KUNINGAN 1","","4","5","1","2024-02-20 12:13:21"
"Spix mi goreng","Sk-003","AXA KUNINGAN 1","","1","5","4","2024-02-28 14:28:39"
"TWISTKO","SK-TW001","AXA KUNINGAN 1","","1","5","4","2024-02-29 08:59:06"
"POCARI SWEAT KALENG/CAN 330ML","PK-03","AXA KUNINGAN 1","","5","5","0","2024-02-24 15:55:30"
"POTAKREZ sapi panggang","SK-p005","AXA KUNINGAN 1","","6","10","4","2024-02-28 14:29:27"
"Piattos rasa sapi panggang","sb-034","AXA KUNINGAN 1","","3","5","2","2024-02-12 18:20:41"
"Teh Pucuk 350ML","SK-6","RS UI LOBBY","","12","15","3","2024-02-29 13:52:34"
"Kacang Mayasi","SK-17","RS UI LOBBY","","0","5","5","2024-02-21 17:26:23"
"YOU C1000 orange water 500ML","skyouc","RS UI LOBBY","","3","5","2","2024-02-28 19:20:32"
"Nescafe Latte 240 ML","skcl","RS UI LOBBY","","5","14","9","2024-02-29 19:20:32"
"Nescafe CappuccIno 240 ML","sknc","RS UI LOBBY","","0","7","7","2024-02-06 15:20:46"
"Beng Beng Maxx","SK 22","RS UI LOBBY","","0","0","0","2024-02-28 12:08:48"
"Astor Double Coklat Kecil 40 GRAM","SK26","RS UI LOBBY","","9","10","1","2024-02-28 14:54:46"
"Tik Tak Sapi Panggang 90 GRAM","SK28","RS UI LOBBY","","0","5","5","2024-02-06 15:18:59"
"Hydro Coco 250ML","SK32","RS UI LOBBY","","9","18","9","2024-02-29 19:20:40"
"CIMORY COKLAT 250ML","Sk075","RS UI LOBBY","","0","7","7","2024-02-28 11:56:51"
"SUKRO OVEN 25 GRAM","Sk081","RS UI LOBBY","","0","5","5","2024-02-29 15:26:06"
"Coca cola kaleng 250ml","Sk97","RS UI LOBBY","","0","7","7","2024-02-06 15:20:49"
"AQUA 600ml","Sk124","RS UI LOBBY","","13","25","12","2024-02-29 13:52:21"
"AW 250ML","SK-201","RS UI LOBBY","","0","6","6","2024-02-28 12:00:47"
"MONDE SERENA SNACK 25 GRAM","SK 202","RS UI LOBBY","","5","10","5","2024-02-29 13:52:29"
"POKKA LYCHEE TEA","SK803","RS UI LOBBY","","4","5","1","2024-02-28 19:07:55"
"POKKA LEMON TEA","SK 376","RS UI LOBBY","","5","5","0","2024-02-28 12:23:50"
"LARUTAN CAP KAKI TIGA LECI","SK 377","RS UI LOBBY","","0","5","5","2024-02-28 12:03:07"
"INACO IM COCO LECI","SK 558","RS UI LOBBY","","0","6","6","2024-02-06 15:20:33"
"POTATO CHIP  50G","SK 590","RS UI LOBBY","","0","4","4","2024-02-13 18:18:38"
"CIMORY MARIE REGAL","SK-336","RS UI LOBBY","","0","6","6","2024-02-29 12:50:03"
"PANDA CINCAU JELLY","Pcl01","RS UI LOBBY","","4","10","6","2024-02-29 11:41:04"
"KUSUKA AYAM MADU","Kam 2","RS UI LOBBY","","3","5","2","2024-02-28 12:04:54"
"WALLENS CHOCOSHOES","WCS001","RS UI LOBBY","","3","8","5","2024-02-29 06:52:26"
"EGG ROLL STRAWBERRY","EG-01","RS UI LOBBY","","2","12","10","2024-02-29 11:39:43"
"EGG ROLL CHEESE","EGG-03","RS UI LOBBY","","0","12","12","2024-02-06 15:18:48"
"MILO ORIGINAL 220ML","SK-MI03","RS UI LOBBY","","2","14","12","2024-02-29 21:14:51"
"WALENS BLUEBERRY SOES","SK-WB02","RS UI LOBBY","","0","4","4","2024-02-28 12:08:04"
"french fries 2000","SK-FF2000","RS UI LOBBY","","0","0","0","2024-02-21 17:26:20"
"Spix mi goreng","Sk-003","RS UI LOBBY","","0","4","4","2024-02-29 07:07:53"
"TWISTKO","SK-TW001","RS UI LOBBY","","6","10","4","2024-02-29 16:06:58"
"Tic tic rasa bawang asli","SK-tic01","RS UI LOBBY","","3","4","1","2024-02-29 09:32:38"
"Lasegar leci lemon","sk-las01","RS UI LOBBY","","5","5","0","2024-02-28 12:02:42"
"mayasi paw","sk-mp004","RS UI LOBBY","","0","5","5","2024-02-06 15:19:07"
"LASEGAR LEMON","SKL-03","RS UI LOBBY","","0","5","5","2024-02-06 15:19:42"
"bro tatoz rendang sapi","sk-bt001","RS UI LOBBY","","0","5","5","2024-02-06 15:19:00"
"potato q rasa rumput laut","sk-pq002","RS UI LOBBY","","0","0","0","2024-02-21 17:26:19"
"TEH SEJUK","SK-TS01","RS UI LOBBY","","3","10","7","2024-02-28 18:13:07"
"POTAKREZ sapi panggang","SK-p005","RS UI LOBBY","","0","5","5","2024-02-21 17:26:27"
"silverqueen bites 30 g","sk-sq003","RS UI LOBBY","","4","7","3","2024-02-28 15:09:45"
"milo nuggets 25 g","sk-m002","RS UI LOBBY","","3","7","4","2024-02-29 21:14:58"
"Mie Sedaap Soto","SK-2","HOTEL WYNDHAM","","0","4","4","2024-02-29 13:57:47"
"Teh Pucuk 350ML","SK-6","HOTEL WYNDHAM","","7","10","3","2024-02-27 22:44:34"
"Kopiko Lucky Day 180 ML","SK-10","HOTEL WYNDHAM","","3","7","4","2024-02-28 12:25:00"
"Kacang Mayasi","SK-17","HOTEL WYNDHAM","","5","5","0","2024-02-22 19:18:22"
"YOU C1000 orange water 500ML","skyouc","HOTEL WYNDHAM","","3","5","2","2024-02-27 10:25:45"
"Nescafe CappuccIno 240 ML","sknc","HOTEL WYNDHAM","","6","12","6","2024-02-28 17:46:16"
"Beng Beng Maxx","SK 22","HOTEL WYNDHAM","","12","12","0","2024-02-22 19:18:21"
"Astor Double Coklat Kecil 40 GRAM","SK26","HOTEL WYNDHAM","","6","10","4","2024-02-29 13:41:59"
"Tik Tak Sapi Panggang 90 GRAM","SK28","HOTEL WYNDHAM","","0","0","0","2024-02-06 21:44:56"
"Hydro Coco 250ML","SK32","HOTEL WYNDHAM","","5","6","1","2024-02-22 19:18:21"
"MIE SEDAP CUP GORENG","sk59","HOTEL WYNDHAM","","4","4","0","2024-02-22 19:18:21"
"CIMORY COKLAT 250ML","Sk075","HOTEL WYNDHAM","","9","14","5","2024-02-29 13:58:39"
"SUKRO OVEN 25 GRAM","Sk081","HOTEL WYNDHAM","","5","5","0","2024-02-22 19:18:22"
"POCARI SWEAT 350ML","Sk082","HOTEL WYNDHAM","","3","5","2","2024-02-25 16:49:52"
"CROISANT 60 GRAM","Sk122","HOTEL WYNDHAM","","2","5","3","2024-02-26 10:16:39"
"AW 250ML","SK-201","HOTEL WYNDHAM","","7","14","7","2024-02-28 18:03:32"
"MONDE SERENA SNACK 25 GRAM","SK 202","HOTEL WYNDHAM","","4","5","1","2024-02-24 12:42:24"
"MIE SEDAP CUP RAWIT BINGIT","SK 314","HOTEL WYNDHAM","","0","4","4","2024-02-26 16:52:12"
"SPRITE KALENG 250ML","SK 356","HOTEL WYNDHAM","","3","7","4","2024-02-16 13:06:24"
"CIMORY MATCHA","SK 392","HOTEL WYNDHAM","","0","0","0","2024-02-22 19:08:24"
"MIE SEDAAP SELECTION KOREAN SPICY","SK 396","HOTEL WYNDHAM","","0","4","4","2024-02-28 17:36:59"
"MONDE EGG ROLL CHOCOLATE","Sk-446","HOTEL WYNDHAM","","10","12","2","2024-02-29 13:41:12"
"KUSUKA AYAM MADU","Kam 2","HOTEL WYNDHAM","","10","10","0","2024-02-22 19:18:21"
"WALLENS CHOCOSHOES","WCS001","HOTEL WYNDHAM","","6","10","4","2024-02-28 11:34:37"
"LE MINERALE 2","Lm001","HOTEL WYNDHAM","","9","10","1","2024-02-23 08:25:22"
"EGG ROLL STRAWBERRY","EG-01","HOTEL WYNDHAM","","5","12","7","2024-02-22 19:18:21"
"MILO ORIGINAL 220ML","SK-MI03","HOTEL WYNDHAM","","0","6","6","2024-02-29 12:19:21"
"WALENS BLUEBERRY SOES","SK-WB02","HOTEL WYNDHAM","","0","0","0","2024-02-06 21:40:14"
"french fries 2000","SK-FF2000","HOTEL WYNDHAM","","3","5","2","2024-02-22 19:07:27"
"NESCAFE ICE BLACK","SK-NES12","HOTEL WYNDHAM","","4","6","2","2024-02-29 23:44:38"
"Spix mi goreng","Sk-003","HOTEL WYNDHAM","","0","5","5","2024-02-27 13:23:52"
"Tic tic rasa bawang asli","SK-tic01","HOTEL WYNDHAM","","7","10","3","2024-02-28 14:43:10"
"yoritos","sk-y001","HOTEL WYNDHAM","","2","5","3","2024-02-28 14:42:05"
"bro tatoz rendang sapi","sk-bt001","HOTEL WYNDHAM","","4","5","1","2024-02-24 12:55:32"
"TEH SEJUK","SK-TS01","HOTEL WYNDHAM","","0","5","5","2024-02-22 19:08:11"
"Teh Pucuk 350ML","SK-6","INDOCEMENT 10","","6","10","4","2024-02-22 18:39:24"
"YOU C1000 orange water 500ML","skyouc","INDOCEMENT 10","","12","15","3","2024-02-28 07:41:00"
"Nescafe CappuccIno 240 ML","sknc","INDOCEMENT 10","","1","12","11","2024-02-26 19:31:53"
"Beng Beng Maxx","SK 22","INDOCEMENT 10","","0","12","12","2024-02-01 09:22:10"
"MILKU COKLAT 200ML","Sk121","INDOCEMENT 10","","2","7","5","2024-02-29 16:48:09"
"MONDE SERENA SNACK 25 GRAM","SK 202","INDOCEMENT 10","","0","5","5","2024-02-06 11:19:06"
"POKKA LEMON TEA","SK 376","INDOCEMENT 10","","5","10","5","2024-02-29 11:32:55"
"LARUTAN CAP KAKI TIGA LECI","SK 377","INDOCEMENT 10","","4","5","1","2024-02-20 17:34:31"
"MIE SEDAAP SELECTION KOREAN SPICY","SK 396","INDOCEMENT 10","","2","4","2","2024-02-27 14:30:53"
"MILO ORIGINAL 220ML","SK-MI03","INDOCEMENT 10","","8","12","4","2024-02-28 10:27:47"
"NESCAFE ICE BLACK","SK-NES12","INDOCEMENT 10","","0","7","7","2024-02-13 12:14:21"
"Lasegar leci lemon","sk-las01","INDOCEMENT 10","","4","5","1","2024-02-13 13:22:26"
"Mie Sedaap Soto","SK-2","HOTEL 101","","0","4","4","2024-02-01 18:50:20"
"Teh Pucuk 350ML","SK-6","HOTEL 101","","7","10","3","2024-02-28 15:42:29"
"Kacang Mayasi","SK-17","HOTEL 101","","3","5","2","2024-02-02 12:15:01"
"YOU C1000 orange water 500ML","skyouc","HOTEL 101","","7","10","3","2024-02-25 07:59:17"
"Nescafe CappuccIno 240 ML","sknc","HOTEL 101","","1","7","6","2024-02-29 16:44:00"
"Beng Beng Maxx","SK 22","HOTEL 101","","10","12","2","2024-02-29 07:55:04"
"Tik Tak Sapi Panggang 90 GRAM","SK28","HOTEL 101","","0","5","5","2024-02-09 11:06:48"
"Tik Tak Original 90 GRAM","SK29","HOTEL 101","","4","5","1","2024-02-25 11:28:57"
"Hydro Coco 250ML","SK32","HOTEL 101","","13","14","1","2024-02-27 09:31:07"
"Pulpy Orange 300ML","sk52","HOTEL 101","","9","10","1","2024-02-29 16:42:10"
"MIE SEDAP CUP GORENG","sk59","HOTEL 101","","0","4","4","2024-02-29 07:19:26"
"SUKRO OVEN 25 GRAM","Sk081","HOTEL 101","","8","10","2","2024-02-25 11:28:25"
"MIE SEDAP CUP KARI AYAM SPESIAL","Sk087","HOTEL 101","","0","4","4","2024-02-28 11:56:30"
"MILKU COKLAT 200ML","Sk121","HOTEL 101","","0","6","6","2024-02-09 11:07:06"
"CROISANT 60 GRAM","Sk122","HOTEL 101","","3","10","7","2024-02-29 16:16:44"
"AW 250ML","SK-201","HOTEL 101","","5","7","2","2024-02-23 22:44:08"
"MONDE SERENA SNACK 25 GRAM","SK 202","HOTEL 101","","1","5","4","2024-02-29 16:41:41"
"MIE SEDAP CUP RAWIT BINGIT","SK 314","HOTEL 101","","0","4","4","2024-02-26 17:19:48"
"MILKU STRAWBERRY","SK 328","HOTEL 101","","0","6","6","2024-02-09 11:07:05"
"MIE SEDAAP SELECTION KOREAN SPICY","SK 396","HOTEL 101","","0","4","4","2024-02-29 07:19:35"
"MONDE EGG ROLL CHOCOLATE","Sk-446","HOTEL 101","","0","12","12","2024-02-01 18:50:04"
"PANDA CINCAU JELLY","Pcl01","HOTEL 101","","7","10","3","2024-02-26 18:09:10"
"KUSUKA AYAM MADU","Kam 2","HOTEL 101","","2","5","3","2024-02-25 11:27:58"
"MILO ORIGINAL 220ML","SK-MI03","HOTEL 101","","0","6","6","2024-02-29 14:03:20"
"WALENS BLUEBERRY SOES","SK-WB02","HOTEL 101","","4","5","1","2024-02-26 08:50:27"
"french fries 2000","SK-FF2000","HOTEL 101","","0","5","5","2024-02-29 10:58:16"
"Spix mi goreng","Sk-003","HOTEL 101","","0","5","5","2024-02-29 16:16:35"
"TWISTKO","SK-TW001","HOTEL 101","","1","5","4","2024-02-26 03:13:36"
"Tic tic rasa bawang asli","SK-tic01","HOTEL 101","","0","5","5","2024-02-23 22:37:53"
"Lasegar leci lemon","sk-las01","HOTEL 101","","4","5","1","2024-02-25 15:36:28"
"LASEGAR LEMON","SKL-03","HOTEL 101","","0","0","0","2024-02-01 18:49:23"
"POCARI SWEAT KALENG/CAN 330ML","PK-03","HOTEL 101","","4","10","6","2024-02-29 10:58:07"
"TEH SEJUK","SK-TS01","HOTEL 101","","5","5","0","2024-02-23 22:44:08"
"bro tatoz rasa rumput laut","sk-023","HOTEL 101","","0","5","5","2024-02-23 22:37:35"
"Le Mineral 600ML","SK-01","ROYAL ENFIELD ANTASARI","","12","20","8","2024-02-29 16:25:21"
"Mie Sedaap Soto","SK-2","ROYAL ENFIELD ANTASARI","","0","4","4","2024-02-21 15:10:56"
"Teh Pucuk 350ML","SK-6","ROYAL ENFIELD ANTASARI","","3","5","2","2024-02-27 13:16:04"
"Kopiko Lucky Day 180 ML","SK-10","ROYAL ENFIELD ANTASARI","","2","5","3","2024-02-29 10:13:33"
"YOU C1000 orange water 500ML","skyouc","ROYAL ENFIELD ANTASARI","","12","15","3","2024-02-27 20:02:47"
"Nescafe Latte 240 ML","skcl","ROYAL ENFIELD ANTASARI","","9","14","5","2024-02-29 16:25:29"
"Nescafe CappuccIno 240 ML","sknc","ROYAL ENFIELD ANTASARI","","1","6","5","2024-02-27 13:49:16"
"Beng Beng Maxx","SK 22","ROYAL ENFIELD ANTASARI","","7","12","5","2024-02-29 18:02:30"
"Hydro Coco 250ML","SK32","ROYAL ENFIELD ANTASARI","","1","7","6","2024-02-29 18:36:17"
"MIE SEDAP CUP GORENG","sk59","ROYAL ENFIELD ANTASARI","","1","4","3","2024-02-28 09:54:26"
"CIMORY COKLAT 250ML","Sk075","ROYAL ENFIELD ANTASARI","","4","7","3","2024-02-29 18:36:10"
"SUKRO OVEN 25 GRAM","Sk081","ROYAL ENFIELD ANTASARI","","6","10","4","2024-02-29 16:25:05"
"POCARI SWEAT 350ML","Sk082","ROYAL ENFIELD ANTASARI","","13","15","2","2024-02-26 12:59:16"
"MIE SEDAP CUP KARI AYAM SPESIAL","Sk087","ROYAL ENFIELD ANTASARI","","1","4","3","2024-02-27 20:02:40"
"CIMORY STRAWBERY 250ML","Sk90","ROYAL ENFIELD ANTASARI","","2","7","5","2024-02-25 11:18:38"
"Coca cola kaleng 250ml","Sk97","ROYAL ENFIELD ANTASARI","","2","7","5","2024-02-29 16:16:13"
"MONDE SERENA SNACK 25 GRAM","SK 202","ROYAL ENFIELD ANTASARI","","0","5","5","2024-02-27 15:55:41"
"LARUTAN CAP KAKI TIGA LECI","SK 377","ROYAL ENFIELD ANTASARI","","0","5","5","2024-02-27 12:18:27"
"INACO IM COCO LECI","SK 558","ROYAL ENFIELD ANTASARI","","0","5","5","2024-02-21 15:10:10"
"POTATO CHIP  50G","SK 590","ROYAL ENFIELD ANTASARI","","1","4","3","2024-02-22 14:03:54"
"MIE SEDAAP SELECTION KOREAN SPICY","SK 396","ROYAL ENFIELD ANTASARI","","3","4","1","2024-02-22 18:27:13"
"MILO ORIGINAL 220ML","SK-MI03","ROYAL ENFIELD ANTASARI","","9","12","3","2024-02-29 16:16:05"
"WALENS BLUEBERRY SOES","SK-WB02","ROYAL ENFIELD ANTASARI","","0","5","5","2024-02-29 18:02:17"
"french fries 2000","SK-FF2000","ROYAL ENFIELD ANTASARI","","4","5","1","2024-02-26 14:55:04"
"NESCAFE ICE BLACK","SK-NES12","ROYAL ENFIELD ANTASARI","","2","6","4","2024-02-21 16:26:42"
"Spix mi goreng","Sk-003","ROYAL ENFIELD ANTASARI","","0","5","5","2024-02-06 16:46:03"
"TWISTKO","SK-TW001","ROYAL ENFIELD ANTASARI","","0","5","5","2024-02-06 17:15:32"
"LASEGAR LEMON","SKL-03","ROYAL ENFIELD ANTASARI","","3","5","2","2024-02-21 14:33:02"
"TEH SEJUK","SK-TS01","ROYAL ENFIELD ANTASARI","","0","5","5","2024-02-21 14:42:02"
"POTAKREZ sapi panggang","SK-p005","ROYAL ENFIELD ANTASARI","","3","5","2","2024-02-21 15:23:38"
"Teh Pucuk 350ML","SK-6","SEKOLAH BSP","","10","10","0","2024-02-22 11:04:56"
"Beng Beng Maxx","SK 22","SEKOLAH BSP","","11","12","1","2024-02-22 11:04:56"
"Astor Double Coklat Kecil 40 GRAM","SK26","SEKOLAH BSP","","5","5","0","2024-02-22 11:04:56"
"Hydro Coco 250ML","SK32","SEKOLAH BSP","","9","12","3","2024-02-22 11:04:56"
"Pulpy Orange 300ML","sk52","SEKOLAH BSP","","6","10","4","2024-02-28 09:22:54"
"POCARI SWEAT 350ML","Sk082","SEKOLAH BSP","","10","10","0","2024-02-22 11:04:56"
"AQUA 600ml","Sk124","SEKOLAH BSP","","9","25","16","2024-02-29 12:41:22"
"AW 250ML","SK-201","SEKOLAH BSP","","10","14","4","2024-02-22 11:04:56"
"MONDE SERENA SNACK 25 GRAM","SK 202","SEKOLAH BSP","","3","4","1","2024-02-27 14:32:02"
"POKKA LYCHEE TEA","SK803","SEKOLAH BSP","","0","5","5","2024-02-22 10:51:46"
"INACO IM COCO LECI","SK 558","SEKOLAH BSP","","0","5","5","2024-02-22 10:52:14"
"POTATO CHIP  50G","SK 590","SEKOLAH BSP","","4","4","0","2024-02-22 11:04:56"
"CIMORY MATCHA","SK 392","SEKOLAH BSP","","6","7","1","2024-02-01 11:10:51"
"PANDA CINCAU JELLY","Pcl01","SEKOLAH BSP","","0","5","5","2024-02-22 10:52:51"
"QTELA TEMPE ORIGINAL","SK-QT02","SEKOLAH BSP","","2","4","2","2024-02-22 11:04:56"
"MILO ORIGINAL 220ML","SK-MI03","SEKOLAH BSP","","7","12","5","2024-02-29 12:18:57"
"Tic tic rasa bawang asli","SK-tic01","SEKOLAH BSP","","4","4","0","2024-02-22 11:04:56"
"LASEGAR LEMON","SKL-03","SEKOLAH BSP","","0","5","5","2024-02-22 10:52:49"
"TEH SEJUK","SK-TS01","SEKOLAH BSP","","5","5","0","2024-02-22 11:04:56"
"Mie Sedaap Soto","SK-2","UNIPREP PONDOK INDAH","","4","4","0","2024-02-28 17:12:55"
"Teh Pucuk 350ML","SK-6","UNIPREP PONDOK INDAH","","0","0","0","2024-02-21 15:55:20"
"Nescafe Latte 240 ML","skcl","UNIPREP PONDOK INDAH","","9","12","3","2024-02-28 17:12:54"
"Nescafe CappuccIno 240 ML","sknc","UNIPREP PONDOK INDAH","","0","6","6","2024-02-09 17:18:33"
"Beng Beng Maxx","SK 22","UNIPREP PONDOK INDAH","","18","24","6","2024-02-29 19:43:37"
"Astor Double Coklat Kecil 40 GRAM","SK26","UNIPREP PONDOK INDAH","","4","5","1","2024-02-29 13:54:34"
"Hydro Coco 250ML","SK32","UNIPREP PONDOK INDAH","","11","12","1","2024-02-21 15:57:44"
"MIE SEDAP CUP GORENG","sk59","UNIPREP PONDOK INDAH","","3","4","1","2024-02-29 10:30:35"
"CIMORY COKLAT 250ML","Sk075","UNIPREP PONDOK INDAH","","1","7","6","2024-02-28 17:08:24"
"SUKRO OVEN 25 GRAM","Sk081","UNIPREP PONDOK INDAH","","6","10","4","2024-02-29 10:14:29"
"POCARI SWEAT 350ML","Sk082","UNIPREP PONDOK INDAH","","5","5","0","2024-02-28 17:12:55"
"AW 250ML","SK-201","UNIPREP PONDOK INDAH","","6","7","1","2024-02-28 17:12:54"
"MONDE SERENA SNACK 25 GRAM","SK 202","UNIPREP PONDOK INDAH","","2","5","3","2024-02-29 10:14:37"
"MIE SEDAP CUP RAWIT BINGIT","SK 314","UNIPREP PONDOK INDAH","","0","4","4","2024-02-28 17:09:03"
"MILKU STRAWBERRY","SK 328","UNIPREP PONDOK INDAH","","0","7","7","2024-02-09 17:18:52"
"SPRITE KALENG 250ML","SK 356","UNIPREP PONDOK INDAH","","8","10","2","2024-02-28 17:12:55"
"LARUTAN CAP KAKI TIGA LECI","SK 377","UNIPREP PONDOK INDAH","","4","5","1","2024-02-13 19:13:24"
"INACO IM COCO LECI","SK 558","UNIPREP PONDOK INDAH","","0","0","0","2024-02-09 17:18:36"
"POTATO CHIP  50G","SK 590","UNIPREP PONDOK INDAH","","1","4","3","2024-02-28 15:26:03"
"MIE SEDAAP SELECTION KOREAN SPICY","SK 396","UNIPREP PONDOK INDAH","","0","4","4","2024-02-28 17:08:57"
"MONDE EGG ROLL CHOCOLATE","Sk-446","UNIPREP PONDOK INDAH","","12","12","0","2024-02-09 17:23:45"
"KUSUKA AYAM MADU","Kam 2","UNIPREP PONDOK INDAH","","5","5","0","2024-02-28 17:08:42"
"SUNKIST LEMON C","Sklc","UNIPREP PONDOK INDAH","","6","10","4","2024-02-28 17:12:55"
"LE MINERALE 2","Lm001","UNIPREP PONDOK INDAH","","17","25","8","2024-02-29 13:54:26"
"MILO ORIGINAL 220ML","SK-MI03","UNIPREP PONDOK INDAH","","10","12","2","2024-02-29 11:57:29"
"WALENS BLUEBERRY SOES","SK-WB02","UNIPREP PONDOK INDAH","","3","4","1","2024-02-29 13:50:19"
"french fries 2000","SK-FF2000","UNIPREP PONDOK INDAH","","7","10","3","2024-02-28 18:45:56"
"NESCAFE ICE BLACK","SK-NES12","UNIPREP PONDOK INDAH","","6","14","8","2024-02-28 17:12:54"
"Spix mi goreng","Sk-003","UNIPREP PONDOK INDAH","","0","5","5","2024-02-02 18:14:48"
"TWISTKO","SK-TW001","UNIPREP PONDOK INDAH","","3","5","2","2024-02-29 16:43:10"
"mayasi paw","sk-mp004","UNIPREP PONDOK INDAH","","4","5","1","2024-02-27 11:11:42"
"LASEGAR LEMON","SKL-03","UNIPREP PONDOK INDAH","","3","5","2","2024-02-12 10:14:37"
"potato q rasa rumput laut","sk-pq002","UNIPREP PONDOK INDAH","","0","5","5","2024-02-02 18:14:48"
"TEH SEJUK","SK-TS01","UNIPREP PONDOK INDAH","","3","5","2","2024-02-29 09:25:39"
"POTAKREZ sapi panggang","SK-p005","UNIPREP PONDOK INDAH","","2","5","3","2024-02-29 16:43:01"
"Teh Pucuk 350ML","SK-6","PULOMAS 4","","0","10","10","2024-02-25 10:22:54"
"YOU C1000 orange water 500ML","skyouc","PULOMAS 4","","0","10","10","2024-02-25 06:45:13"
"Nescafe Latte 240 ML","skcl","PULOMAS 4","","2","14","12","2024-02-29 13:57:32"
"Nescafe CappuccIno 240 ML","sknc","PULOMAS 4","","0","7","7","2024-02-26 10:33:54"
"Beng Beng Maxx","SK 22","PULOMAS 4","","0","24","24","2024-02-24 14:40:02"
"Tik Tak Sapi Panggang 90 GRAM","SK28","PULOMAS 4","","0","5","5","2024-02-16 18:13:47"
"Tik Tak Original 90 GRAM","SK29","PULOMAS 4","","0","5","5","2024-02-24 08:49:07"
"CIMORY COKLAT 250ML","Sk075","PULOMAS 4","","3","7","4","2024-02-27 14:52:28"
"SUKRO OVEN 25 GRAM","Sk081","PULOMAS 4","","0","5","5","2024-02-26 16:14:20"
"POCARI SWEAT 350ML","Sk082","PULOMAS 4","","0","12","12","2024-02-25 11:36:01"
"Coca cola kaleng 250ml","Sk97","PULOMAS 4","","1","14","13","2024-02-29 12:51:17"
"AW 250ML","SK-201","PULOMAS 4","","0","12","12","2024-02-28 12:17:38"
"MONDE SERENA SNACK 25 GRAM","SK 202","PULOMAS 4","","0","5","5","2024-02-28 13:44:06"
"MILKU STRAWBERRY","SK 328","PULOMAS 4","","0","6","6","2024-02-16 18:18:05"
"SPRITE KALENG 250ML","SK 356","PULOMAS 4","","0","7","7","2024-02-27 13:28:23"
"LARUTAN CAP KAKI TIGA LECI","SK 377","PULOMAS 4","","0","10","10","2024-02-25 08:30:13"
"CIMORY MARIE REGAL","SK-336","PULOMAS 4","","2","7","5","2024-02-26 15:11:28"
"KUSUKA AYAM MADU","Kam 2","PULOMAS 4","","2","5","3","2024-02-29 13:57:50"
"LE MINERALE 2","Lm001","PULOMAS 4","","0","20","20","2024-02-24 08:17:59"
"EGG ROLL STRAWBERRY","EG-01","PULOMAS 4","","4","12","8","2024-02-28 13:43:56"
"MILO ORIGINAL 220ML","SK-MI03","PULOMAS 4","","0","7","7","2024-02-24 17:22:16"
"WALENS BLUEBERRY SOES","SK-WB02","PULOMAS 4","","4","8","4","2024-02-28 09:33:05"
"french fries 2000","SK-FF2000","PULOMAS 4","","3","5","2","2024-02-24 15:30:43"
"NESCAFE ICE BLACK","SK-NES12","PULOMAS 4","","0","7","7","2024-02-27 10:10:02"
"Spix mi goreng","Sk-003","PULOMAS 4","","0","5","5","2024-02-29 13:58:00"
"TWISTKO","SK-TW001","PULOMAS 4","","3","5","2","2024-02-26 15:22:19"
"mayasi paw","sk-mp004","PULOMAS 4","","0","5","5","2024-02-29 13:57:41"
"TEH SEJUK","SK-TS01","PULOMAS 4","","1","12","11","2024-02-28 12:27:24"
"Le Mineral 600ML","SK-01","SEKOLAH AL AZHAR GRAND WISATA BEKASI","","19","25","6","2024-02-28 06:18:28"
"Teh Pucuk 350ML","SK-6","SEKOLAH AL AZHAR GRAND WISATA BEKASI","","8","10","2","2024-02-23 15:17:04"
"Pocari Sweat 500ML","SK-7","SEKOLAH AL AZHAR GRAND WISATA BEKASI","","5","5","0","2024-02-23 15:34:35"
"YOU C1000 orange water 500ML","skyouc","SEKOLAH AL AZHAR GRAND WISATA BEKASI","","4","5","1","2024-02-23 15:17:04"
"Beng Beng Maxx","SK 22","SEKOLAH AL AZHAR GRAND WISATA BEKASI","","5","12","7","2024-02-28 10:47:45"
"Tik Tak Sapi Panggang 90 GRAM","SK28","SEKOLAH AL AZHAR GRAND WISATA BEKASI","","0","5","5","2024-02-12 13:59:24"
"Hydro Coco 250ML","SK32","SEKOLAH AL AZHAR GRAND WISATA BEKASI","","7","12","5","2024-02-27 14:53:28"
"SUKRO OVEN 25 GRAM","Sk081","SEKOLAH AL AZHAR GRAND WISATA BEKASI","","4","5","1","2024-02-23 15:34:00"
"POCARI SWEAT 350ML","Sk082","SEKOLAH AL AZHAR GRAND WISATA BEKASI","","0","5","5","2024-02-23 14:54:16"
"MILKU COKLAT 200ML","Sk121","SEKOLAH AL AZHAR GRAND WISATA BEKASI","","9","12","3","2024-02-28 07:03:43"
"MILKU STRAWBERRY","SK 328","SEKOLAH AL AZHAR GRAND WISATA BEKASI","","10","12","2","2024-02-23 15:34:35"
"POKKA LYCHEE TEA","SK803","SEKOLAH AL AZHAR GRAND WISATA BEKASI","","4","5","1","2024-02-23 19:16:23"
"POKKA LEMON TEA","SK 376","SEKOLAH AL AZHAR GRAND WISATA BEKASI","","3","5","2","2024-02-27 13:24:49"
"LARUTAN CAP KAKI TIGA LECI","SK 377","SEKOLAH AL AZHAR GRAND WISATA BEKASI","","5","5","0","2024-02-12 14:33:09"
"POTATO CHIP  50G","SK 590","SEKOLAH AL AZHAR GRAND WISATA BEKASI","","4","4","0","2024-02-12 14:29:34"
"MONDE EGG ROLL CHOCOLATE","Sk-446","SEKOLAH AL AZHAR GRAND WISATA BEKASI","","7","12","5","2024-02-23 15:41:05"
"KUSUKA AYAM MADU","Kam 2","SEKOLAH AL AZHAR GRAND WISATA BEKASI","","9","10","1","2024-02-23 15:34:00"
"WALLENS CHOCOSHOES","WCS001","SEKOLAH AL AZHAR GRAND WISATA BEKASI","","5","8","3","2024-02-28 10:42:23"
"EGG ROLL STRAWBERRY","EG-01","SEKOLAH AL AZHAR GRAND WISATA BEKASI","","2","12","10","2024-02-23 15:34:00"
"french fries 2000","SK-FF2000","SEKOLAH AL AZHAR GRAND WISATA BEKASI","","7","10","3","2024-02-27 14:45:05"
"Spix mi goreng","Sk-003","SEKOLAH AL AZHAR GRAND WISATA BEKASI","","4","4","0","2024-02-23 15:34:00"
"TWISTKO","SK-TW001","SEKOLAH AL AZHAR GRAND WISATA BEKASI","","7","10","3","2024-02-27 14:53:37"
"Lasegar leci lemon","sk-las01","SEKOLAH AL AZHAR GRAND WISATA BEKASI","","5","5","0","2024-02-23 15:36:04"
"mayasi paw","sk-mp004","SEKOLAH AL AZHAR GRAND WISATA BEKASI","","4","5","1","2024-02-23 15:34:00"
"LASEGAR LEMON","SKL-03","SEKOLAH AL AZHAR GRAND WISATA BEKASI","","5","5","0","2024-02-23 15:39:30"
"fire crackers","sk 002","SEKOLAH AL AZHAR GRAND WISATA BEKASI","","4","5","1","2024-02-23 15:17:04"
"POCARI SWEAT KALENG/CAN 330ML","PK-03","SEKOLAH AL AZHAR GRAND WISATA BEKASI","","5","5","0","2024-02-23 15:36:04"
"TEH SEJUK","SK-TS01","SEKOLAH AL AZHAR GRAND WISATA BEKASI","","2","5","3","2024-02-27 14:54:46"
"Le Mineral 600ML","SK-01","ST REGIST 1","","19","25","6","2024-02-29 22:51:49"
"Teh Pucuk 350ML","SK-6","ST REGIST 1","","8","10","2","2024-02-29 14:42:42"
"Kacang Mayasi","SK-17","ST REGIST 1","","5","5","0","2024-02-23 13:15:38"
"YOU C1000 orange water 500ML","skyouc","ST REGIST 1","","11","15","4","2024-02-29 15:05:26"
"Nescafe Latte 240 ML","skcl","ST REGIST 1","","0","0","0","2024-02-29 14:37:53"
"Nescafe CappuccIno 240 ML","sknc","ST REGIST 1","","9","18","9","2024-02-29 22:45:41"
"Astor Double Coklat Kecil 40 GRAM","SK26","ST REGIST 1","","2","5","3","2024-02-29 21:57:37"
"Tik Tak Sapi Panggang 90 GRAM","SK28","ST REGIST 1","","3","5","2","2024-02-16 12:27:35"
"Tik Tak Original 90 GRAM","SK29","ST REGIST 1","","1","5","4","2024-02-29 21:06:59"
"Hydro Coco 250ML","SK32","ST REGIST 1","","8","12","4","2024-02-29 22:45:32"
"SUKRO OVEN 25 GRAM","Sk081","ST REGIST 1","","7","10","3","2024-02-29 02:20:26"
"POCARI SWEAT 350ML","Sk082","ST REGIST 1","","1","5","4","2024-02-29 14:38:04"
"Coca cola kaleng 250ml","Sk97","ST REGIST 1","","0","0","0","2024-02-06 19:50:32"
"MILKU COKLAT 200ML","Sk121","ST REGIST 1","","0","7","7","2024-02-06 19:39:56"
"CROISANT 60 GRAM","Sk122","ST REGIST 1","","6","10","4","2024-02-28 07:21:34"
"AW 250ML","SK-201","ST REGIST 1","","3","6","3","2024-02-29 16:46:14"
"MONDE SERENA SNACK 25 GRAM","SK 202","ST REGIST 1","","4","5","1","2024-02-29 14:42:42"
"FANTA KALENG 250ML","SK 318","ST REGIST 1","","0","6","6","2024-02-06 19:39:38"
"MILKU STRAWBERRY","SK 328","ST REGIST 1","","0","7","7","2024-02-06 19:17:28"
"POKKA LYCHEE TEA","SK803","ST REGIST 1","","3","5","2","2024-02-29 15:06:25"
"POKKA LEMON TEA","SK 376","ST REGIST 1","","4","5","1","2024-02-29 14:42:42"
"LARUTAN CAP KAKI TIGA LECI","SK 377","ST REGIST 1","","0","5","5","2024-02-06 19:17:28"
"INACO IM COCO LECI","SK 558","ST REGIST 1","","0","0","0","2024-02-06 19:39:05"
"MONDE PIE MINI","Mp1","ST REGIST 1","","0","5","5","2024-02-06 19:17:28"
"PANDA CINCAU JELLY","Pcl01","ST REGIST 1","","4","10","6","2024-02-29 14:46:37"
"KUSUKA AYAM MADU","Kam 2","ST REGIST 1","","3","5","2","2024-02-19 20:22:30"
"WALLENS CHOCOSHOES","WCS001","ST REGIST 1","","0","0","0","2024-02-17 15:53:31"
"TARO potato barbecue","SK-TR 01","ST REGIST 1","","4","5","1","2024-02-29 14:46:37"
"MILO ORIGINAL 220ML","SK-MI03","ST REGIST 1","","6","7","1","2024-02-29 14:42:42"
"french fries 2000","SK-FF2000","ST REGIST 1","","4","5","1","2024-02-26 10:55:36"
"NESCAFE ICE BLACK","SK-NES12","ST REGIST 1","","0","0","0","2024-02-29 14:37:51"
"Spix mi goreng","Sk-003","ST REGIST 1","","0","5","5","2024-02-29 15:29:29"
"TWISTKO","SK-TW001","ST REGIST 1","","0","5","5","2024-02-23 13:09:08"
"Tic tic rasa bawang asli","SK-tic01","ST REGIST 1","","0","5","5","2024-02-17 16:05:40"
"Lasegar leci lemon","sk-las01","ST REGIST 1","","0","5","5","2024-02-06 19:39:07"
"mayasi paw","sk-mp004","ST REGIST 1","","0","0","0","2024-02-23 13:09:26"
"LASEGAR LEMON","SKL-03","ST REGIST 1","","0","5","5","2024-02-06 19:39:01"
"bro tatoz bbq korea","sk-bt002","ST REGIST 1","","2","5","3","2024-02-22 19:23:11"
"potato q rasa rumput laut","sk-pq002","ST REGIST 1","","3","5","2","2024-02-25 00:31:02"
"TEH SEJUK","SK-TS01","ST REGIST 1","","0","5","5","2024-02-29 16:38:47"
"POTAKREZ sapi panggang","SK-p005","ST REGIST 1","","0","5","5","2024-02-29 14:38:20"
"silverqueen bites 30 g","sk-sq003","ST REGIST 1","","4","7","3","2024-02-29 14:42:42"
"milo nuggets 25 g","sk-m002","ST REGIST 1","","2","7","5","2024-02-29 18:55:22"
"delfi take it","sk-dt1","ST REGIST 1","","5","7","2","2024-02-29 14:46:37"
"Le Mineral 600ML","SK-01","KLINIK LALITA BEKASI","","9","20","11","2024-02-29 14:01:05"
"Teh Pucuk 350ML","SK-6","KLINIK LALITA BEKASI","","4","10","6","2024-02-26 18:30:20"
"Kopiko Lucky Day 180 ML","SK-10","KLINIK LALITA BEKASI","","4","7","3","2024-02-27 13:43:17"
"YOU C1000 orange water 500ML","skyouc","KLINIK LALITA BEKASI","","15","15","0","2024-02-26 18:30:20"
"Beng Beng Maxx","SK 22","KLINIK LALITA BEKASI","","10","12","2","2024-02-28 21:06:40"
"Astor Double Coklat Kecil 40 GRAM","SK26","KLINIK LALITA BEKASI","","0","5","5","2024-02-29 14:01:13"
"ABC Sari Kacang Hijau 250ML","SK31","KLINIK LALITA BEKASI","","5","7","2","2024-02-19 18:25:32"
"Hydro Coco 250ML","SK32","KLINIK LALITA BEKASI","","4","12","8","2024-02-28 17:57:56"
"CIMORY COKLAT 250ML","Sk075","KLINIK LALITA BEKASI","","4","14","10","2024-02-28 13:17:20"
"POCARI SWEAT 350ML","Sk082","KLINIK LALITA BEKASI","","7","12","5","2024-02-29 12:27:36"
"CIMORY STRAWBERY 250ML","Sk90","KLINIK LALITA BEKASI","","5","7","2","2024-02-28 10:55:28"
"MILKU COKLAT 200ML","Sk121","KLINIK LALITA BEKASI","","0","7","7","2024-02-19 18:12:49"
"CROISANT 60 GRAM","Sk122","KLINIK LALITA BEKASI","","4","5","1","2024-02-29 20:16:30"
"MILKU STRAWBERRY","SK 328","KLINIK LALITA BEKASI","","0","7","7","2024-02-19 18:12:54"
"POKKA LEMON TEA","SK 376","KLINIK LALITA BEKASI","","10","10","0","2024-02-26 18:30:20"
"LARUTAN CAP KAKI TIGA LECI","SK 377","KLINIK LALITA BEKASI","","3","5","2","2024-02-28 14:13:47"
"INACO IM COCO LECI","SK 558","KLINIK LALITA BEKASI","","3","6","3","2024-02-29 20:17:07"
"POTATO CHIP  50G","SK 590","KLINIK LALITA BEKASI","","2","4","2","2024-02-28 10:55:47"
"MONDE EGG ROLL CHOCOLATE","Sk-446","KLINIK LALITA BEKASI","","11","12","1","2024-02-28 17:30:21"
"PANDA CINCAU JELLY","Pcl01","KLINIK LALITA BEKASI","","3","5","2","2024-02-29 20:16:21"
"KUSUKA AYAM MADU","Kam 2","KLINIK LALITA BEKASI","","10","10","0","2024-02-26 18:30:20"
"WALLENS CHOCOSHOES","WCS001","KLINIK LALITA BEKASI","","3","4","1","2024-02-29 20:16:39"
"OATSIDE COKLAT","Otc1123","KLINIK LALITA BEKASI","","4","6","2","2024-02-28 21:06:02"
"INACO MINI PUDDING","SK-INACO 200","KLINIK LALITA BEKASI","","6","12","6","2024-02-29 12:12:50"
"WALENS BLUEBERRY SOES","SK-WB02","KLINIK LALITA BEKASI","","2","8","6","2024-02-29 20:16:49"
"french fries 2000","SK-FF2000","KLINIK LALITA BEKASI","","4","5","1","2024-02-29 09:59:03"
"Spix mi goreng","Sk-003","KLINIK LALITA BEKASI","","1","5","4","2024-02-29 11:23:40"
"TWISTKO","SK-TW001","KLINIK LALITA BEKASI","","4","5","1","2024-02-28 13:17:29"
"Lasegar leci lemon","sk-las01","KLINIK LALITA BEKASI","","4","5","1","2024-02-19 18:20:19"
"mayasi paw","sk-mp004","KLINIK LALITA BEKASI","","5","5","0","2024-02-26 18:30:20"
"bro tatoz rendang sapi","sk-bt001","KLINIK LALITA BEKASI","","0","5","5","2024-02-07 16:27:22"
"TEH SEJUK","SK-TS01","KLINIK LALITA BEKASI","","11","15","4","2024-02-28 17:58:05"
"kinder bueno 43 g","sk-kb002","KLINIK LALITA BEKASI","","2","7","5","2024-02-29 11:23:50"
"pringles original 42g","sk-fr001","KLINIK LALITA BEKASI","","3","5","2","2024-02-29 14:01:22"
"Le Mineral 600ML","SK-01","AXA KUNINGAN 3","","5","5","0","2024-02-24 16:29:27"
"Mie Sedaap Soto","SK-2","AXA KUNINGAN 3","","0","4","4","2024-02-24 16:21:44"
"Kopiko Lucky Day 180 ML","SK-10","AXA KUNINGAN 3","","7","7","0","2024-02-17 13:05:13"
"YOU C1000 orange water 500ML","skyouc","AXA KUNINGAN 3","","4","6","2","2024-02-28 07:15:11"
"Nescafe Latte 240 ML","skcl","AXA KUNINGAN 3","","5","7","2","2024-02-20 07:36:05"
"Nescafe CappuccIno 240 ML","sknc","AXA KUNINGAN 3","","0","7","7","2024-02-17 12:53:19"
"Beng Beng Maxx","SK 22","AXA KUNINGAN 3","","10","12","2","2024-02-22 08:35:16"
"Astor Double Coklat Kecil 40 GRAM","SK26","AXA KUNINGAN 3","","5","5","0","2024-02-17 13:05:13"
"Tik Tak Sapi Panggang 90 GRAM","SK28","AXA KUNINGAN 3","","0","5","5","2024-02-17 12:52:41"
"Hydro Coco 250ML","SK32","AXA KUNINGAN 3","","7","7","0","2024-02-17 13:05:13"
"MIE SEDAP CUP GORENG","sk59","AXA KUNINGAN 3","","0","4","4","2024-02-28 07:36:32"
"SUKRO OVEN 25 GRAM","Sk081","AXA KUNINGAN 3","","2","5","3","2024-02-19 18:02:42"
"MILKU COKLAT 200ML","Sk121","AXA KUNINGAN 3","","0","7","7","2024-02-17 12:53:09"
"CROISANT 60 GRAM","Sk122","AXA KUNINGAN 3","","3","5","2","2024-02-29 07:59:21"
"AW 250ML","SK-201","AXA KUNINGAN 3","","4","7","3","2024-02-16 16:47:17"
"MIE SEDAP CUP RAWIT BINGIT","SK 314","AXA KUNINGAN 3","","2","4","2","2024-02-29 14:22:28"
"Oi Ocha Green Tea 300 ml","SK-Ito-Tea","AXA KUNINGAN 3","","5","6","1","2024-02-17 13:05:13"
"MILKU STRAWBERRY","SK 328","AXA KUNINGAN 3","","0","7","7","2024-02-17 12:53:08"
"CIMORY MATCHA","SK 392","AXA KUNINGAN 3","","0","7","7","2024-02-17 12:53:23"
"MIE SEDAAP SELECTION KOREAN SPICY","SK 396","AXA KUNINGAN 3","","0","4","4","2024-02-24 16:21:46"
"MONDE EGG ROLL CHOCOLATE","Sk-446","AXA KUNINGAN 3","","12","12","0","2024-02-24 16:29:27"
"CIMORY MARIE REGAL","SK-336","AXA KUNINGAN 3","","0","7","7","2024-02-17 12:53:11"
"KUSUKA AYAM MADU","Kam 2","AXA KUNINGAN 3","","10","10","0","2024-02-17 13:05:13"
"SUNKIST LEMON C","Sklc","AXA KUNINGAN 3","","0","6","6","2024-02-24 16:22:17"
"ITO EN OLONG","Ito66","AXA KUNINGAN 3","","5","6","1","2024-02-17 13:05:13"
"WALLENS CHOCOSHOES","WCS001","AXA KUNINGAN 3","","4","4","0","2024-02-24 16:29:27"
"KRIZZI COKLAT","KC100","AXA KUNINGAN 3","","8","10","2","2024-02-24 16:29:26"
"OATSIDE COFFEE","SK-1002","AXA KUNINGAN 3","","13","14","1","2024-02-21 07:50:19"
"CIMORY ALMOND","SK-470","AXA KUNINGAN 3","","5","7","2","2024-02-24 16:29:26"
"EGG ROLL STRAWBERRY","EG-01","AXA KUNINGAN 3","","0","12","12","2024-02-24 16:21:52"
"EGG ROLL CHEESE","EGG-03","AXA KUNINGAN 3","","0","12","12","2024-02-24 16:21:50"
"QTELA TEMPE ORIGINAL","SK-QT02","AXA KUNINGAN 3","","1","5","4","2024-02-28 11:39:57"
"MILO ORIGINAL 220ML","SK-MI03","AXA KUNINGAN 3","","5","7","2","2024-02-23 17:22:27"
"WALENS BLUEBERRY SOES","SK-WB02","AXA KUNINGAN 3","","3","5","2","2024-02-23 14:07:01"
"french fries 2000","SK-FF2000","AXA KUNINGAN 3","","0","5","5","2024-02-24 16:22:04"
"NESCAFE ICE BLACK","SK-NES12","AXA KUNINGAN 3","","4","7","3","2024-02-26 07:46:05"
"Spix mi goreng","Sk-003","AXA KUNINGAN 3","","3","5","2","2024-02-24 16:22:08"
"Tic tic rasa bawang asli","SK-tic01","AXA KUNINGAN 3","","8","9","1","2024-02-26 13:38:10"
"mayasi paw","sk-mp004","AXA KUNINGAN 3","","5","5","0","2024-02-17 13:05:13"
"potato q rasa rumput laut","sk-pq002","AXA KUNINGAN 3","","3","5","2","2024-02-28 07:14:51"
"TEH SEJUK","SK-TS01","AXA KUNINGAN 3","","6","6","0","2024-02-24 16:29:27"
"potato q rasa sosis meksiko","sk-pq003","AXA KUNINGAN 3","","0","5","5","2024-02-17 12:52:51"
"caffino","sk-005","AXA KUNINGAN 3","","0","6","6","2024-02-17 12:53:01"
"black thunder","sk-1212","AXA KUNINGAN 3","","4","12","8","2024-02-24 16:29:27"
"Le Mineral 600ML","SK-01","UNIPREP BSD 1","","6","15","9","2024-02-28 14:35:10"
"Teh Pucuk 350ML","SK-6","UNIPREP BSD 1","","1","5","4","2024-02-21 14:30:26"
"Kopiko Lucky Day 180 ML","SK-10","UNIPREP BSD 1","","4","6","2","2024-02-29 08:13:19"
"YOU C1000 orange water 500ML","skyouc","UNIPREP BSD 1","","3","5","2","2024-02-22 14:25:56"
"Nescafe Latte 240 ML","skcl","UNIPREP BSD 1","","5","7","2","2024-02-15 14:34:35"
"Beng Beng Maxx","SK 22","UNIPREP BSD 1","","0","12","12","2024-02-29 08:13:26"
"Panda Grass Jely dan Selasih 350ML","sk60","UNIPREP BSD 1","","4","5","1","2024-02-01 11:42:18"
"CIMORY COKLAT 250ML","Sk075","UNIPREP BSD 1","","0","7","7","2024-02-06 12:01:39"
"SUKRO OVEN 25 GRAM","Sk081","UNIPREP BSD 1","","3","5","2","2024-02-09 12:20:35"
"POCARI SWEAT 350ML","Sk082","UNIPREP BSD 1","","3","5","2","2024-02-21 09:43:23"
"MILKU COKLAT 200ML","Sk121","UNIPREP BSD 1","","1","5","4","2024-02-26 16:52:07"
"CROISANT 60 GRAM","Sk122","UNIPREP BSD 1","","0","5","5","2024-02-01 16:26:50"
"AW 250ML","SK-201","UNIPREP BSD 1","","6","7","1","2024-02-01 16:31:38"
"MILKU STRAWBERRY","SK 328","UNIPREP BSD 1","","3","6","3","2024-02-28 14:51:37"
"INACO MINI JELLY AND PUDDING","SK 371","UNIPREP BSD 1","","5","5","0","2024-02-01 16:31:38"
"POKKA LEMON TEA","SK 376","UNIPREP BSD 1","","2","5","3","2024-02-21 09:42:09"
"LARUTAN CAP KAKI TIGA LECI","SK 377","UNIPREP BSD 1","","2","5","3","2024-02-06 11:50:21"
"POTATO CHIP  50G","SK 590","UNIPREP BSD 1","","1","4","3","2024-02-28 11:49:55"
"CIMORY MATCHA","SK 392","UNIPREP BSD 1","","5","7","2","2024-02-19 10:20:43"
"YOUVIT KAFE G","SK-403","UNIPREP BSD 1","","3","12","9","2024-02-21 14:30:19"
"MONDE EGG ROLL CHOCOLATE","Sk-446","UNIPREP BSD 1","","0","12","12","2024-02-09 13:04:38"
"CIMORY MARIE REGAL","SK-336","UNIPREP BSD 1","","4","7","3","2024-02-16 10:00:55"
"PANDA CINCAU JELLY","Pcl01","UNIPREP BSD 1","","3","5","2","2024-02-26 16:51:59"
"KUSUKA AYAM MADU","Kam 2","UNIPREP BSD 1","","2","10","8","2024-02-15 08:54:40"
"WALLENS CHOCOSHOES","WCS001","UNIPREP BSD 1","","0","4","4","2024-02-01 16:25:57"
"KRIZZI COKLAT","KC100","UNIPREP BSD 1","","1","5","4","2024-02-15 14:37:05"
"CIMORY ALMOND","SK-470","UNIPREP BSD 1","","4","6","2","2024-02-07 12:46:33"
"QTELA TEMPE CABAI RAWIT","SK-QT01","UNIPREP BSD 1","","1","5","4","2024-02-21 15:10:34"
"MILO ORIGINAL 220ML","SK-MI03","UNIPREP BSD 1","","6","12","6","2024-02-21 11:16:32"
"WALENS BLUEBERRY SOES","SK-WB02","UNIPREP BSD 1","","7","8","1","2024-02-21 14:17:45"
"french fries 2000","SK-FF2000","UNIPREP BSD 1","","0","5","5","2024-02-01 16:26:28"
"Spix mi goreng","Sk-003","UNIPREP BSD 1","","0","0","0","2024-02-01 16:26:37"
"fire crackers sambal mangga","sk-iy002","UNIPREP BSD 1","","1","5","4","2024-02-23 16:59:38"
"mayasi paw","sk-mp004","UNIPREP BSD 1","","2","4","2","2024-02-28 11:50:03"
"POCARI SWEAT KALENG/CAN 330ML","PK-03","UNIPREP BSD 1","","2","5","3","2024-02-01 10:07:38"
"TEH SEJUK","SK-TS01","UNIPREP BSD 1","","4","5","1","2024-02-02 08:20:20"
"POTAKREZ sapi panggang","SK-p005","UNIPREP BSD 1","","2","5","3","2024-02-29 08:14:50"
"bro tatoz rasa rumput laut","sk-023","UNIPREP BSD 1","","0","5","5","2024-02-23 16:58:37"
"Le Mineral 600ML","SK-01","UNIPREP BSD 2","","10","15","5","2024-02-19 08:08:17"
"Teh Pucuk 350ML","SK-6","UNIPREP BSD 2","","1","5","4","2024-02-19 09:31:40"
"Kopiko Lucky Day 180 ML","SK-10","UNIPREP BSD 2","","5","7","2","2024-02-06 17:22:47"
"Kacang Mayasi","SK-17","UNIPREP BSD 2","","5","5","0","2024-02-01 15:50:16"
"YOU C1000 orange water 500ML","skyouc","UNIPREP BSD 2","","3","5","2","2024-02-12 09:59:31"
"Nescafe Latte 240 ML","skcl","UNIPREP BSD 2","","6","7","1","2024-02-01 15:50:16"
"Nescafe CappuccIno 240 ML","sknc","UNIPREP BSD 2","","3","6","3","2024-02-07 08:52:53"
"Hydro Coco 250ML","SK32","UNIPREP BSD 2","","6","7","1","2024-02-12 18:18:26"
"MIE SEDAP CUP GORENG","sk59","UNIPREP BSD 2","","2","4","2","2024-02-05 14:31:55"
"SUKRO OVEN 25 GRAM","Sk081","UNIPREP BSD 2","","2","5","3","2024-02-13 08:01:47"
"POCARI SWEAT 350ML","Sk082","UNIPREP BSD 2","","3","5","2","2024-02-02 10:21:42"
"CIMORY STRAWBERY 250ML","Sk90","UNIPREP BSD 2","","2","6","4","2024-02-06 17:15:27"
"Coca cola kaleng 250ml","Sk97","UNIPREP BSD 2","","4","5","1","2024-02-05 12:56:58"
"MILKU COKLAT 200ML","Sk121","UNIPREP BSD 2","","3","6","3","2024-02-06 17:24:11"
"CROISANT 60 GRAM","Sk122","UNIPREP BSD 2","","0","5","5","2024-02-01 15:45:15"
"AW 250ML","SK-201","UNIPREP BSD 2","","4","7","3","2024-02-02 11:52:42"
"KUSUKA KRIPIK BARBEQUE 60 GRAM","SK 204","UNIPREP BSD 2","","4","4","0","2024-02-01 15:50:16"
"PANDA BIRD NEST","SK 334","UNIPREP BSD 2","","3","5","2","2024-02-02 10:22:30"
"POKKA LYCHEE TEA","SK803","UNIPREP BSD 2","","4","5","1","2024-02-01 15:50:16"
"POKKA LEMON TEA","SK 376","UNIPREP BSD 2","","4","5","1","2024-02-05 09:28:53"
"LARUTAN CAP KAKI TIGA LECI","SK 377","UNIPREP BSD 2","","4","5","1","2024-02-05 14:33:02"
"CIMORY MATCHA","SK 392","UNIPREP BSD 2","","3","6","3","2024-02-02 13:02:10"
"CIMORY MARIE REGAL","SK-336","UNIPREP BSD 2","","4","6","2","2024-02-02 09:42:26"
"MAXTEA MILKTEA","SK-452","UNIPREP BSD 2","","2","5","3","2024-02-12 07:37:11"
"PANDA CINCAU JELLY","Pcl01","UNIPREP BSD 2","","0","5","5","2024-02-01 15:44:57"
"SUNKIST LEMON C","Sklc","UNIPREP BSD 2","","4","5","1","2024-02-02 09:44:25"
"WALLENS CHOCOSHOES","WCS001","UNIPREP BSD 2","","0","4","4","2024-02-01 15:44:29"
"TWISTKO","SK-TW001","UNIPREP BSD 2","","0","0","0","2024-02-01 15:44:33"
"lasegar jeruk","sk-ls02","UNIPREP BSD 2","","4","5","1","2024-02-01 15:50:16"
"yoritos","sk-y001","UNIPREP BSD 2","","4","4","0","2024-02-01 15:51:52"
"mayasi paw","sk-mp004","UNIPREP BSD 2","","4","5","1","2024-02-01 15:50:16"
"LASEGAR LEMON","SKL-03","UNIPREP BSD 2","","1","5","4","2024-02-05 15:19:08"
"POTAKREZ sapi panggang","SK-p005","UNIPREP BSD 2","","5","5","0","2024-02-01 15:51:51"
"bro tatoz rasa rumput laut","sk-023","UNIPREP BSD 2","","5","5","0","2024-02-01 15:51:51"
"Le Mineral 600ML","SK-01","CLUSTER ATHALIA 2","","23","30","7","2024-02-25 16:36:20"
"Coca Cola Botol 390ML","SK-3","CLUSTER ATHALIA 2","","5","10","5","2024-02-17 16:02:31"
"Teh Pucuk 350ML","SK-6","CLUSTER ATHALIA 2","","1","6","5","2024-02-25 12:55:24"
"SPRITE BOTOL 390ML","SK-9","CLUSTER ATHALIA 2","","9","10","1","2024-02-02 16:20:35"
"YOU C1000 orange water 500ML","skyouc","CLUSTER ATHALIA 2","","0","5","5","2024-02-14 12:22:06"
"Pulpy Orange 300ML","sk52","CLUSTER ATHALIA 2","","0","5","5","2024-02-14 14:40:35"
"CIMORY COKLAT 250ML","Sk075","CLUSTER ATHALIA 2","","0","7","7","2024-02-06 16:38:48"
"POCARI SWEAT 350ML","Sk082","CLUSTER ATHALIA 2","","4","15","11","2024-02-26 20:46:25"
"CIMORY STRAWBERY 250ML","Sk90","CLUSTER ATHALIA 2","","1","7","6","2024-02-25 16:22:25"
"Coca cola kaleng 250ml","Sk97","CLUSTER ATHALIA 2","","5","5","0","2024-02-02 16:23:03"
"AW 250ML","SK-201","CLUSTER ATHALIA 2","","5","6","1","2024-02-23 16:57:39"
"MONDE SERENA SNACK 25 GRAM","SK 202","CLUSTER ATHALIA 2","","2","4","2","2024-02-10 11:33:22"
"FANTA KALENG 250ML","SK 318","CLUSTER ATHALIA 2","","5","7","2","2024-02-25 16:02:08"
"MILKU STRAWBERRY","SK 328","CLUSTER ATHALIA 2","","1","6","5","2024-02-24 10:17:24"
"LARUTAN CAP KAKI TIGA JAMBU BIJI","SK 337","CLUSTER ATHALIA 2","","1","5","4","2024-02-18 15:59:11"
"POKKA LYCHEE TEA","SK803","CLUSTER ATHALIA 2","","4","5","1","2024-02-14 13:15:52"
"POKKA LEMON TEA","SK 376","CLUSTER ATHALIA 2","","4","5","1","2024-02-14 14:53:03"
"LARUTAN CAP KAKI TIGA LECI","SK 377","CLUSTER ATHALIA 2","","0","5","5","2024-02-14 14:40:28"
"INACO IM COCO LECI","SK 558","CLUSTER ATHALIA 2","","0","5","5","2024-02-26 20:46:11"
"CIMORY MATCHA","SK 392","CLUSTER ATHALIA 2","","1","7","6","2024-02-25 16:22:33"
"CIMORY MARIE REGAL","SK-336","CLUSTER ATHALIA 2","","4","7","3","2024-02-24 10:17:17"
"SUNKIST LEMON C","Sklc","CLUSTER ATHALIA 2","","3","5","2","2024-02-26 20:41:08"
"WALLENS CHOCOSHOES","WCS001","CLUSTER ATHALIA 2","","2","4","2","2024-02-25 16:22:42"
"EGG ROLL CHEESE","EGG-03","CLUSTER ATHALIA 2","","6","12","6","2024-02-14 10:31:18"
"sunkist water orange","sk-sun 003","CLUSTER ATHALIA 2","","0","16","16","2024-02-26 20:39:38"
"MILO ORIGINAL 220ML","SK-MI03","CLUSTER ATHALIA 2","","0","7","7","2024-02-24 17:19:06"
"WALENS BLUEBERRY SOES","SK-WB02","CLUSTER ATHALIA 2","","3","4","1","2024-02-26 20:45:09"
"TEH SEJUK","SK-TS01","CLUSTER ATHALIA 2","","11","11","0","2024-02-02 16:23:03"
"Le Mineral 600ML","SK-01","PT TIMERINDO","","8","30","22","2024-02-29 13:29:24"
"Mie Sedaap Soto","SK-2","PT TIMERINDO","","0","0","0","2024-02-20 15:09:10"
"Coca Cola Botol 390ML","SK-3","PT TIMERINDO","","0","5","5","2024-02-20 15:10:21"
"Teh Pucuk 350ML","SK-6","PT TIMERINDO","","9","15","6","2024-02-29 12:35:19"
"Kopiko Lucky Day 180 ML","SK-10","PT TIMERINDO","","0","5","5","2024-02-20 15:10:28"
"YOU C1000 orange water 500ML","skyouc","PT TIMERINDO","","5","5","0","2024-02-20 15:22:54"
"Nescafe Latte 240 ML","skcl","PT TIMERINDO","","9","10","1","2024-02-23 08:20:52"
"Beng Beng Maxx","SK 22","PT TIMERINDO","","1","12","11","2024-02-28 11:04:35"
"Astor Double Coklat Kecil 40 GRAM","SK26","PT TIMERINDO","","0","10","10","2024-02-22 13:41:06"
"Tik Tak Sapi Panggang 90 GRAM","SK28","PT TIMERINDO","","0","5","5","2024-02-20 15:09:40"
"Tik Tak Original 90 GRAM","SK29","PT TIMERINDO","","0","0","0","2024-02-20 15:09:37"
"Hydro Coco 250ML","SK32","PT TIMERINDO","","8","12","4","2024-02-28 18:34:54"
"Pulpy Orange 300ML","sk52","PT TIMERINDO","","1","5","4","2024-02-29 16:12:22"
"MIE SEDAP CUP GORENG","sk59","PT TIMERINDO","","0","8","8","2024-02-26 15:38:42"
"Panda Grass Jely dan Selasih 350ML","sk60","PT TIMERINDO","","0","5","5","2024-02-20 15:10:06"
"CIMORY COKLAT 250ML","Sk075","PT TIMERINDO","","0","6","6","2024-02-06 12:36:44"
"SUKRO OVEN 25 GRAM","Sk081","PT TIMERINDO","","0","10","10","2024-02-28 10:30:15"
"POCARI SWEAT 350ML","Sk082","PT TIMERINDO","","9","10","1","2024-02-27 14:43:52"
"MIE SEDAP CUP KARI AYAM SPESIAL","Sk087","PT TIMERINDO","","0","4","4","2024-02-22 17:39:06"
"CIMORY STRAWBERY 250ML","Sk90","PT TIMERINDO","","0","6","6","2024-02-20 15:10:45"
"Coca cola kaleng 250ml","Sk97","PT TIMERINDO","","10","10","0","2024-02-20 15:22:53"
"CROISANT 60 GRAM","Sk122","PT TIMERINDO","","0","10","10","2024-02-29 10:41:09"
"MONDE SERENA SNACK 25 GRAM","SK 202","PT TIMERINDO","","0","10","10","2024-02-23 17:30:13"
"MIE SEDAP CUP RAWIT BINGIT","SK 314","PT TIMERINDO","","0","4","4","2024-02-21 17:57:32"
"Oi Ocha Green Tea 300 ml","SK-Ito-Tea","PT TIMERINDO","","3","5","2","2024-02-28 12:30:35"
"SPRITE KALENG 250ML","SK 356","PT TIMERINDO","","0","5","5","2024-02-20 15:10:12"
"LARUTAN CAP KAKI TIGA LECI","SK 377","PT TIMERINDO","","9","10","1","2024-02-26 12:45:03"
"INACO IM COCO LECI","SK 558","PT TIMERINDO","","0","5","5","2024-02-20 15:09:51"
"CIMORY MATCHA","SK 392","PT TIMERINDO","","0","6","6","2024-02-20 15:10:50"
"CIMORY MARIE REGAL","SK-336","PT TIMERINDO","","7","12","5","2024-02-29 14:34:51"
"MONDE PIE MINI","Mp1","PT TIMERINDO","","0","0","0","2024-02-20 15:09:31"
"PANDA CINCAU JELLY","Pcl01","PT TIMERINDO","","0","5","5","2024-02-20 15:10:07"
"KUSUKA AYAM MADU","Kam 2","PT TIMERINDO","","0","10","10","2024-02-27 14:45:23"
"SUNKIST LEMON C","Sklc","PT TIMERINDO","","0","5","5","2024-02-20 15:10:36"
"CIMORY ALMOND","SK-470","PT TIMERINDO","","5","12","7","2024-02-29 16:37:51"
"EGG ROLL STRAWBERRY","EG-01","PT TIMERINDO","","0","12","12","2024-02-26 13:36:51"
"Go potato cheese","gp-02","PT TIMERINDO","","0","5","5","2024-02-20 15:09:20"
"sunkist water orange","sk-sun 003","PT TIMERINDO","","0","5","5","2024-02-20 15:10:30"
"INACO MINI PUDDING","SK-INACO 200","PT TIMERINDO","","7","12","5","2024-02-29 19:18:10"
"MILO ORIGINAL 220ML","SK-MI03","PT TIMERINDO","","7","10","3","2024-02-26 17:28:10"
"french fries 2000","SK-FF2000","PT TIMERINDO","","0","0","0","2024-02-20 15:09:32"
"NESCAFE ICE BLACK","SK-NES12","PT TIMERINDO","","0","5","5","2024-02-20 15:10:26"
"yoritos","sk-y001","PT TIMERINDO","","0","5","5","2024-02-20 15:09:43"
"mayasi paw","sk-mp004","PT TIMERINDO","","0","5","5","2024-02-20 15:09:19"
"TEH SEJUK","SK-TS01","PT TIMERINDO","","0","5","5","2024-02-20 15:09:53"
"POTAKREZ sapi panggang","SK-p005","PT TIMERINDO","","0","5","5","2024-02-20 15:09:28"
"bro tatoz rasa rumput laut","sk-023","PT TIMERINDO","","0","5","5","2024-02-20 15:09:27"
"Le Mineral 600ML","SK-01","PULOMAS 1","","16","20","4","2024-02-26 16:32:24"
"Teh Pucuk 350ML","SK-6","PULOMAS 1","","0","15","15","2024-02-16 19:15:51"
"Kopiko Lucky Day 180 ML","SK-10","PULOMAS 1","","5","7","2","2024-02-26 18:27:24"
"Kacang Mayasi","SK-17","PULOMAS 1","","0","5","5","2024-02-16 19:08:30"
"Nescafe Latte 240 ML","skcl","PULOMAS 1","","0","6","6","2024-02-23 16:15:58"
"Nescafe CappuccIno 240 ML","sknc","PULOMAS 1","","1","7","6","2024-02-23 18:28:22"
"Beng Beng Maxx","SK 22","PULOMAS 1","","8","24","16","2024-02-29 09:39:04"
"Tik Tak Original 90 GRAM","SK29","PULOMAS 1","","0","0","0","2024-02-16 19:08:33"
"Hydro Coco 250ML","SK32","PULOMAS 1","","5","7","2","2024-02-29 18:38:07"
"MIE SEDAP CUP GORENG","sk59","PULOMAS 1","","5","8","3","2024-02-29 08:16:13"
"CIMORY COKLAT 250ML","Sk075","PULOMAS 1","","0","6","6","2024-02-29 16:16:33"
"SUKRO OVEN 25 GRAM","Sk081","PULOMAS 1","","0","5","5","2024-02-19 16:48:04"
"POCARI SWEAT 350ML","Sk082","PULOMAS 1","","14","15","1","2024-02-24 06:00:50"
"FANTA KALENG 330ML","Sk088","PULOMAS 1","","0","6","6","2024-02-26 12:59:22"
"Coca cola kaleng 250ml","Sk97","PULOMAS 1","","0","6","6","2024-02-19 14:49:01"
"MILKU COKLAT 200ML","Sk121","PULOMAS 1","","0","6","6","2024-02-16 19:09:10"
"CROISANT 60 GRAM","Sk122","PULOMAS 1","","0","10","10","2024-02-29 08:15:56"
"AQUA 600ml","Sk124","PULOMAS 1","","0","0","0","2024-02-16 19:06:37"
"AW 250ML","SK-201","PULOMAS 1","","0","5","5","2024-02-16 19:07:18"
"MONDE SERENA SNACK 25 GRAM","SK 202","PULOMAS 1","","2","5","3","2024-02-23 11:58:59"
"MIE SEDAP CUP RAWIT BINGIT","SK 314","PULOMAS 1","","4","4","0","2024-02-16 19:19:07"
"SPRITE KALENG 250ML","SK 356","PULOMAS 1","","0","7","7","2024-02-20 12:47:29"
"POKKA LYCHEE TEA","SK803","PULOMAS 1","","7","10","3","2024-02-26 18:27:17"
"INACO MINI JELLY AND PUDDING","SK 371","PULOMAS 1","","2","5","3","2024-02-20 12:47:44"
"INACO IM COCO LECI","SK 558","PULOMAS 1","","1","5","4","2024-02-28 16:06:55"
"CIMORY MATCHA","SK 392","PULOMAS 1","","0","0","0","2024-02-16 19:09:21"
"Sedap selection cup","Ss01","PULOMAS 1","","1","4","3","2024-02-29 18:48:31"
"CIMORY MARIE REGAL","SK-336","PULOMAS 1","","0","6","6","2024-02-29 18:38:00"
"MONDE PIE MINI","Mp1","PULOMAS 1","","0","5","5","2024-02-20 12:18:04"
"KUSUKA AYAM MADU","Kam 2","PULOMAS 1","","5","5","0","2024-02-16 19:19:06"
"KRIZZI COKLAT","KC100","PULOMAS 1","","0","5","5","2024-02-23 16:15:01"
"EGG ROLL CHEESE","EGG-03","PULOMAS 1","","3","12","9","2024-02-16 16:56:04"
"INACO MINI PUDDING","SK-INACO 200","PULOMAS 1","","0","5","5","2024-02-16 19:08:43"
"MILO ORIGINAL 220ML","SK-MI03","PULOMAS 1","","0","6","6","2024-02-23 16:15:08"
"WALENS BLUEBERRY SOES","SK-WB02","PULOMAS 1","","2","5","3","2024-02-27 17:24:35"
"french fries 2000","SK-FF2000","PULOMAS 1","","0","0","0","2024-02-03 10:56:26"
"NESCAFE ICE BLACK","SK-NES12","PULOMAS 1","","3","14","11","2024-02-28 18:47:54"
"Lasegar leci lemon","sk-las01","PULOMAS 1","","0","5","5","2024-02-16 19:07:16"
"fire crackers sambal mangga","sk-iy002","PULOMAS 1","","0","5","5","2024-02-16 19:07:33"
"indocafe latte mandehling","sk-nl003","PULOMAS 1","","0","0","0","2024-02-16 19:15:49"
"yoritos","sk-y001","PULOMAS 1","","0","5","5","2024-02-29 16:16:13"
"mayasi paw","sk-mp004","PULOMAS 1","","3","5","2","2024-02-16 12:57:29"
"LASEGAR LEMON","SKL-03","PULOMAS 1","","0","5","5","2024-02-16 19:07:15"
"fire crackers","sk 002","PULOMAS 1","","3","5","2","2024-02-23 18:42:33"
"TEH SEJUK","SK-TS01","PULOMAS 1","","0","0","0","2024-02-16 19:06:47"
"potato q rasa sosis meksiko","sk-pq003","PULOMAS 1","","0","5","5","2024-02-23 18:42:26"
"Le Mineral 600ML","SK-01","ST REGIST 2","","19","25","6","2024-02-29 16:05:23"
"Mie Sedaap Soto","SK-2","ST REGIST 2","","2","4","2","2024-02-29 16:35:19"
"Teh Pucuk 350ML","SK-6","ST REGIST 2","","0","10","10","2024-02-29 17:35:39"
"Beng Beng","SK-8","ST REGIST 2","","6","12","6","2024-02-29 02:02:30"
"YOU C1000 orange water 500ML","skyouc","ST REGIST 2","","6","10","4","2024-02-29 16:05:23"
"Nescafe Latte 240 ML","skcl","ST REGIST 2","","9","14","5","2024-02-29 20:24:09"
"Nescafe CappuccIno 240 ML","sknc","ST REGIST 2","","0","7","7","2024-02-17 16:09:01"
"Astor Double Coklat Kecil 40 GRAM","SK26","ST REGIST 2","","3","5","2","2024-02-25 21:05:24"
"Hydro Coco 250ML","SK32","ST REGIST 2","","4","12","8","2024-02-29 21:22:04"
"Pulpy Orange 300ML","sk52","ST REGIST 2","","4","6","2","2024-02-29 16:07:06"
"MIE SEDAP CUP GORENG","sk59","ST REGIST 2","","0","0","0","2024-02-29 15:59:48"
"CIMORY COKLAT 250ML","Sk075","ST REGIST 2","","11","14","3","2024-02-29 17:39:19"
"SUKRO OVEN 25 GRAM","Sk081","ST REGIST 2","","5","5","0","2024-02-29 15:59:08"
"POCARI SWEAT 350ML","Sk082","ST REGIST 2","","4","12","8","2024-02-29 16:05:23"
"CHA CHA","Sk086","ST REGIST 2","","5","12","7","2024-02-29 16:08:10"
"CROISANT 60 GRAM","Sk122","ST REGIST 2","","8","10","2","2024-02-29 16:05:23"
"AW 250ML","SK-201","ST REGIST 2","","4","6","2","2024-02-29 16:00:04"
"MONDE SERENA SNACK 25 GRAM","SK 202","ST REGIST 2","","0","5","5","2024-02-29 22:04:01"
"MIE SEDAP CUP RAWIT BINGIT","SK 314","ST REGIST 2","","7","8","1","2024-02-29 17:20:28"
"SPRITE KALENG 250ML","SK 356","ST REGIST 2","","0","7","7","2024-02-06 21:21:31"
"POTATO CHIP  50G","SK 590","ST REGIST 2","","4","4","0","2024-02-23 14:47:14"
"CIMORY MATCHA","SK 392","ST REGIST 2","","4","7","3","2024-02-29 20:50:09"
"MONDE EGG ROLL CHOCOLATE","Sk-446","ST REGIST 2","","0","12","12","2024-02-29 15:59:54"
"CIMORY MARIE REGAL","SK-336","ST REGIST 2","","0","7","7","2024-02-17 16:08:53"
"KUSUKA AYAM MADU","Kam 2","ST REGIST 2","","4","5","1","2024-02-29 16:07:06"
"WALLENS CHOCOSHOES","WCS001","ST REGIST 2","","0","5","5","2024-02-17 16:08:40"
"TARO potato barbecue","SK-TR 01","ST REGIST 2","","3","5","2","2024-02-29 17:15:05"
"MILO ORIGINAL 220ML","SK-MI03","ST REGIST 2","","6","14","8","2024-02-29 16:05:22"
"WALENS BLUEBERRY SOES","SK-WB02","ST REGIST 2","","0","5","5","2024-02-29 16:04:18"
"french fries 2000","SK-FF2000","ST REGIST 2","","0","5","5","2024-02-29 15:59:32"
"NESCAFE ICE BLACK","SK-NES12","ST REGIST 2","","5","7","2","2024-02-29 17:57:38"
"Spix mi goreng","Sk-003","ST REGIST 2","","4","5","1","2024-02-29 16:05:23"
"TWISTKO","SK-TW001","ST REGIST 2","","0","5","5","2024-02-23 14:41:24"
"Lasegar leci lemon","sk-las01","ST REGIST 2","","0","5","5","2024-02-06 21:21:10"
"LASEGAR LEMON","SKL-03","ST REGIST 2","","0","5","5","2024-02-06 21:21:08"
"bro tatoz rendang sapi","sk-bt001","ST REGIST 2","","0","5","5","2024-02-06 21:20:53"
"TEH SEJUK","SK-TS01","ST REGIST 2","","4","5","1","2024-02-29 16:05:22"
"POTAKREZ sapi panggang","SK-p005","ST REGIST 2","","5","5","0","2024-02-29 16:15:16"
"black thunder","sk-1212","ST REGIST 2","","12","12","0","2024-02-23 14:47:55"
"kinder bueno 43 g","sk-kb002","ST REGIST 2","","1","7","6","2024-02-29 20:50:18"
"silverqueen bites 30 g","sk-sq003","ST REGIST 2","","4","7","3","2024-02-29 16:05:23"
"milo nuggets 25 g","sk-m002","ST REGIST 2","","4","7","3","2024-02-29 19:51:52"
"pringles original 42g","sk-fr001","ST REGIST 2","","2","5","3","2024-02-29 16:05:23"
"Mie Sedaap Soto","SK-2","BNI RAWAMANGUN","","0","4","4","2024-02-28 07:32:50"
"Teh Pucuk 350ML","SK-6","BNI RAWAMANGUN","","15","15","0","2024-02-22 20:49:44"
"Kopiko Lucky Day 180 ML","SK-10","BNI RAWAMANGUN","","5","6","1","2024-02-29 17:18:42"
"Kacang Mayasi","SK-17","BNI RAWAMANGUN","","0","5","5","2024-02-28 11:46:51"
"YOU C1000 orange water 500ML","skyouc","BNI RAWAMANGUN","","9","10","1","2024-02-23 09:33:45"
"Nescafe Latte 240 ML","skcl","BNI RAWAMANGUN","","6","7","1","2024-02-27 13:43:59"
"Nescafe CappuccIno 240 ML","sknc","BNI RAWAMANGUN","","0","6","6","2024-02-07 12:20:21"
"Beng Beng Maxx","SK 22","BNI RAWAMANGUN","","6","12","6","2024-02-29 11:01:10"
"Hydro Coco 250ML","SK32","BNI RAWAMANGUN","","10","14","4","2024-02-29 14:35:21"