Product,Machine,Qty,Qty Needed
Teh Pucuk 350ML,MANULIFE KUNINGAN 1,1,5
Kacang Mayasi,MANULIFE KUNINGAN 1,4,1
YOU C1000 orange water 500ML,MANULIFE KUNINGAN 1,11,4
Nescafe CappuccIno 240 ML,MANULIFE KUNINGAN 1,4,2
Beng Beng Maxx,MANULIFE KUNINGAN 1,12,0
Astor Double Coklat Kecil 40 GRAM,MANULIFE KUNINGAN 1,9,1
Tik Tak Sapi Panggang 90 GRAM,MANULIFE KUNINGAN 1,0,5
Hydro Coco 250ML,MANULIFE KUNINGAN 1,6,1
AW 330ML,MANULIFE KUNINGAN 1,5,1
SUKRO OVEN 25 GRAM,MANULIFE KUNINGAN 1,4,1
POCARI SWEAT 350ML,MANULIFE KUNINGAN 1,10,2
MILKU COKLAT 200ML,MANULIFE KUNINGAN 1,4,3
CROISANT 60 GRAM,MANULIFE KUNINGAN 1,0,5
MONDE SERENA SNACK 25 GRAM,MANULIFE KUNINGAN 1,2,3
MIE SEDAP CUP RAWIT BINGIT,MANULIFE KUNINGAN 1,4,0
MILKU STRAWBERRY,MANULIFE KUNINGAN 1,6,1
LARUTAN CAP KAKI TIGA JAMBU BIJI,MANULIFE KUNINGAN 1,0,0
POKKA LYCHEE TEA,MANULIFE KUNINGAN 1,4,1
LARUTAN CAP KAKI TIGA LECI,MANULIFE KUNINGAN 1,5,5
MONDE EGG ROLL CHOCOLATE,MANULIFE KUNINGAN 1,3,9
PANDA CINCAU JELLY,MANULIFE KUNINGAN 1,9,1
KUSUKA AYAM MADU,MANULIFE KUNINGAN 1,7,3
INACO MINI PUDDING,MANULIFE KUNINGAN 1,3,9
MILO ORIGINAL 220ML,MANULIFE KUNINGAN 1,6,1
WALENS BLUEBERRY SOES,MANULIFE KUNINGAN 1,3,1
french fries 2000,MANULIFE KUNINGAN 1,0,5
NESCAFE ICE BLACK,MANULIFE KUNINGAN 1,6,1
TWISTKO,MANULIFE KUNINGAN 1,4,1
Tic tic rasa bawang asli,MANULIFE KUNINGAN 1,3,2
Lasegar leci lemon,MANULIFE KUNINGAN 1,4,1
mayasi paw,MANULIFE KUNINGAN 1,2,3
bro tatoz rendang sapi,MANULIFE KUNINGAN 1,0,5
potato q rasa rumput laut,MANULIFE KUNINGAN 1,0,5
TEH SEJUK,MANULIFE KUNINGAN 1,1,4
POTAKREZ sapi panggang,MANULIFE KUNINGAN 1,9,1
happy-va 105g,MANULIFE KUNINGAN 1,5,0
Mie Sedaap Soto,MANULIFE KUNINGAN 2,0,4
Teh Pucuk 350ML,MANULIFE KUNINGAN 2,9,3
Kopiko Lucky Day 180 ML,MANULIFE KUNINGAN 2,6,1
Kacang Mayasi,MANULIFE KUNINGAN 2,4,1
Nescafe Latte 240 ML,MANULIFE KUNINGAN 2,3,3
Nescafe CappuccIno 240 ML,MANULIFE KUNINGAN 2,0,6
Beng Beng Maxx,MANULIFE KUNINGAN 2,12,0
Astor Double Coklat Kecil 40 GRAM,MANULIFE KUNINGAN 2,0,5
Tik Tak Original 90 GRAM,MANULIFE KUNINGAN 2,6,4
Hydro Coco 250ML,MANULIFE KUNINGAN 2,6,8
MIE SEDAP CUP GORENG,MANULIFE KUNINGAN 2,3,1
CIMORY COKLAT 250ML,MANULIFE KUNINGAN 2,0,7
POCARI SWEAT 350ML,MANULIFE KUNINGAN 2,0,5
MIE SEDAP CUP KARI AYAM SPESIAL,MANULIFE KUNINGAN 2,0,5
CIMORY STRAWBERY 250ML,MANULIFE KUNINGAN 2,11,3
MILKU COKLAT 200ML,MANULIFE KUNINGAN 2,0,7
AW 250ML,MANULIFE KUNINGAN 2,12,0
MONDE SERENA SNACK 25 GRAM,MANULIFE KUNINGAN 2,3,7
MIE SEDAP CUP RAWIT BINGIT,MANULIFE KUNINGAN 2,0,4
MILKU STRAWBERRY,MANULIFE KUNINGAN 2,0,6
POKKA LYCHEE TEA,MANULIFE KUNINGAN 2,3,2
POKKA LEMON TEA,MANULIFE KUNINGAN 2,2,3
LARUTAN CAP KAKI TIGA LECI,MANULIFE KUNINGAN 2,2,3
FANTA STRAWBERRY 250ML CAN,MANULIFE KUNINGAN 2,0,6
CIMORY MATCHA,MANULIFE KUNINGAN 2,0,7
MIE SEDAAP SELECTION KOREAN SPICY,MANULIFE KUNINGAN 2,1,3
CIMORY MARIE REGAL,MANULIFE KUNINGAN 2,5,2
MONDE PIE MINI,MANULIFE KUNINGAN 2,0,0
KUSUKA AYAM MADU,MANULIFE KUNINGAN 2,3,2
SUNKIST LEMON C,MANULIFE KUNINGAN 2,2,3
WALLENS CHOCOSHOES,MANULIFE KUNINGAN 2,10,0
GO POTATO,MANULIFE KUNINGAN 2,4,1
CHIKI TWIST,MANULIFE KUNINGAN 2,0,0
EGG ROLL STRAWBERRY,MANULIFE KUNINGAN 2,3,9
TARO potato barbecue,MANULIFE KUNINGAN 2,2,3
INACO MINI PUDDING,MANULIFE KUNINGAN 2,4,8
WALENS BLUEBERRY SOES,MANULIFE KUNINGAN 2,3,2
french fries 2000,MANULIFE KUNINGAN 2,5,0
NESCAFE ICE BLACK,MANULIFE KUNINGAN 2,4,2
Spix mi goreng,MANULIFE KUNINGAN 2,7,8
TWISTKO,MANULIFE KUNINGAN 2,1,4
yoritos,MANULIFE KUNINGAN 2,8,2
mayasi paw,MANULIFE KUNINGAN 2,5,0
potato q rasa rumput laut,MANULIFE KUNINGAN 2,2,3
TEH SEJUK,MANULIFE KUNINGAN 2,2,3
Le Mineral 600ML,GRIYA PATRIA GUEST HOUSE,23,2
Teh Pucuk 350ML,GRIYA PATRIA GUEST HOUSE,7,5
Nescafe Latte 240 ML,GRIYA PATRIA GUEST HOUSE,5,2
Nescafe CappuccIno 240 ML,GRIYA PATRIA GUEST HOUSE,5,2
Beng Beng Maxx,GRIYA PATRIA GUEST HOUSE,8,4
Astor Double Coklat Kecil 40 GRAM,GRIYA PATRIA GUEST HOUSE,6,4
Tik Tak Sapi Panggang 90 GRAM,GRIYA PATRIA GUEST HOUSE,0,5
Hydro Coco 250ML,GRIYA PATRIA GUEST HOUSE,7,5
Pulpy Orange 300ML,GRIYA PATRIA GUEST HOUSE,4,1
MIE SEDAP CUP GORENG,GRIYA PATRIA GUEST HOUSE,0,4
SUKRO OVEN 25 GRAM,GRIYA PATRIA GUEST HOUSE,0,5
MIE SEDAP CUP KARI AYAM SPESIAL,GRIYA PATRIA GUEST HOUSE,3,1
CIMORY STRAWBERY 250ML,GRIYA PATRIA GUEST HOUSE,9,5
Coca cola kaleng 250ml,GRIYA PATRIA GUEST HOUSE,5,2
AW 250ML,GRIYA PATRIA GUEST HOUSE,11,3
MONDE SERENA SNACK 25 GRAM,GRIYA PATRIA GUEST HOUSE,3,1
MIE SEDAP CUP RAWIT BINGIT,GRIYA PATRIA GUEST HOUSE,0,4
FANTA KALENG 250ML,GRIYA PATRIA GUEST HOUSE,5,2
MILKU STRAWBERRY,GRIYA PATRIA GUEST HOUSE,0,6
SPRITE KALENG 250ML,GRIYA PATRIA GUEST HOUSE,5,2
POKKA LYCHEE TEA,GRIYA PATRIA GUEST HOUSE,0,5
POKKA LEMON TEA,GRIYA PATRIA GUEST HOUSE,4,1
INACO IM COCO LECI,GRIYA PATRIA GUEST HOUSE,0,5
MIE SEDAAP SELECTION KOREAN SPICY,GRIYA PATRIA GUEST HOUSE,3,1
MONDE EGG ROLL CHOCOLATE,GRIYA PATRIA GUEST HOUSE,4,8
PANDA CINCAU JELLY,GRIYA PATRIA GUEST HOUSE,7,3
KUSUKA AYAM MADU,GRIYA PATRIA GUEST HOUSE,5,0
WALLENS CHOCOSHOES,GRIYA PATRIA GUEST HOUSE,4,1
CIMORY ALMOND,GRIYA PATRIA GUEST HOUSE,6,1
EGG ROLL CHEESE,GRIYA PATRIA GUEST HOUSE,3,9
MILO ORIGINAL 220ML,GRIYA PATRIA GUEST HOUSE,5,2
WALENS BLUEBERRY SOES,GRIYA PATRIA GUEST HOUSE,2,3
french fries 2000,GRIYA PATRIA GUEST HOUSE,13,2
NESCAFE ICE BLACK,GRIYA PATRIA GUEST HOUSE,5,2
Spix mi goreng,GRIYA PATRIA GUEST HOUSE,4,0
TWISTKO,GRIYA PATRIA GUEST HOUSE,0,5
LASEGAR LEMON,GRIYA PATRIA GUEST HOUSE,0,5
POCARI SWEAT KALENG/CAN 330ML,GRIYA PATRIA GUEST HOUSE,2,3
TEH SEJUK,GRIYA PATRIA GUEST HOUSE,8,4
POTAKREZ sapi panggang,GRIYA PATRIA GUEST HOUSE,8,2
Mie Sedaap Soto,ARGAPURA 2,2,2
Teh Pucuk 350ML,ARGAPURA 2,6,4
YOU C1000 orange water 500ML,ARGAPURA 2,9,1
Nescafe Latte 240 ML,ARGAPURA 2,12,0
Nescafe CappuccIno 240 ML,ARGAPURA 2,0,6
Beng Beng Maxx,ARGAPURA 2,11,1
Astor Double Coklat Kecil 40 GRAM,ARGAPURA 2,5,0
Tik Tak Sapi Panggang 90 GRAM,ARGAPURA 2,0,5
Tik Tak Original 90 GRAM,ARGAPURA 2,3,2
Hydro Coco 250ML,ARGAPURA 2,13,1
Pulpy Orange 300ML,ARGAPURA 2,0,5
MIE SEDAP CUP GORENG,ARGAPURA 2,4,0
CIMORY COKLAT 250ML,ARGAPURA 2,11,1
SUKRO OVEN 25 GRAM,ARGAPURA 2,4,1
MIE SEDAP CUP KARI AYAM SPESIAL,ARGAPURA 2,3,1
CIMORY STRAWBERY 250ML,ARGAPURA 2,3,4
Coca cola kaleng 250ml,ARGAPURA 2,5,2
MILKU COKLAT 200ML,ARGAPURA 2,0,5
CROISANT 60 GRAM,ARGAPURA 2,8,2
AQUA 600ml,ARGAPURA 2,18,2
MONDE SERENA SNACK 25 GRAM,ARGAPURA 2,0,5
FANTA KALENG 250ML,ARGAPURA 2,0,0
MILKU STRAWBERRY,ARGAPURA 2,0,6
SPRITE KALENG 250ML,ARGAPURA 2,5,1
INACO MINI JELLY AND PUDDING,ARGAPURA 2,5,0
POKKA LEMON TEA,ARGAPURA 2,3,2
LARUTAN CAP KAKI TIGA LECI,ARGAPURA 2,4,1
INACO IM COCO LECI,ARGAPURA 2,10,0
CIMORY MATCHA,ARGAPURA 2,11,3
Sedap selection cup,ARGAPURA 2,2,2
MONDE EGG ROLL CHOCOLATE,ARGAPURA 2,6,6
CIMORY MARIE REGAL,ARGAPURA 2,2,4
PANDA CINCAU JELLY,ARGAPURA 2,7,3
WALLENS CHOCOSHOES,ARGAPURA 2,6,4
EGG ROLL CHEESE,ARGAPURA 2,4,8
MILO ORIGINAL 220ML,ARGAPURA 2,0,7
french fries 2000,ARGAPURA 2,5,0
Lasegar leci lemon,ARGAPURA 2,0,5
LASEGAR LEMON,ARGAPURA 2,4,1
potato q rasa sosis meksiko,ARGAPURA 2,5,0
POTAKREZ sapi panggang,ARGAPURA 2,0,5
Teh Pucuk 350ML,PULOMAS 2,8,7
Kopiko Lucky Day 180 ML,PULOMAS 2,10,4
YOU C1000 orange water 500ML,PULOMAS 2,9,3
Nescafe Latte 240 ML,PULOMAS 2,0,7
Nescafe CappuccIno 240 ML,PULOMAS 2,2,5
Beng Beng Maxx,PULOMAS 2,0,12
Tik Tak Sapi Panggang 90 GRAM,PULOMAS 2,0,5
Hydro Coco 250ML,PULOMAS 2,5,9
AW 330ML,PULOMAS 2,6,1
MIE SEDAP CUP GORENG,PULOMAS 2,2,2
SUKRO OVEN 25 GRAM,PULOMAS 2,0,5
POCARI SWEAT 350ML,PULOMAS 2,4,2
MILKU COKLAT 200ML,PULOMAS 2,0,7
CROISANT 60 GRAM,PULOMAS 2,1,4
AQUA 600ml,PULOMAS 2,0,5
MIE SEDAP CUP RAWIT BINGIT,PULOMAS 2,0,4
MILKU STRAWBERRY,PULOMAS 2,0,7
SPRITE KALENG 250ML,PULOMAS 2,1,6
POKKA LYCHEE TEA,PULOMAS 2,0,5
POKKA LEMON TEA,PULOMAS 2,0,5
LARUTAN CAP KAKI TIGA LECI,PULOMAS 2,2,3
INACO IM COCO LECI,PULOMAS 2,0,6
MIE SEDAAP SELECTION KOREAN SPICY,PULOMAS 2,2,2
KUSUKA AYAM MADU,PULOMAS 2,8,2
LE MINERALE 2,PULOMAS 2,14,6
MILO ORIGINAL 220ML,PULOMAS 2,9,5
WALENS BLUEBERRY SOES,PULOMAS 2,4,1
NESCAFE ICE BLACK,PULOMAS 2,3,3
Tic tic rasa bawang asli,PULOMAS 2,2,2
LASEGAR LEMON,PULOMAS 2,2,3
bro tatoz rasa rumput laut,PULOMAS 2,1,4
Mie Sedaap Soto,SAMSUNG KUNINGAN 1,0,4
Beng Beng Maxx,SAMSUNG KUNINGAN 1,0,11
Tik Tak Sapi Panggang 90 GRAM,SAMSUNG KUNINGAN 1,3,2
MIE SEDAP CUP GORENG,SAMSUNG KUNINGAN 1,2,2
POCARI SWEAT 350ML,SAMSUNG KUNINGAN 1,0,5
CROISANT 60 GRAM,SAMSUNG KUNINGAN 1,0,5
AW 250ML,SAMSUNG KUNINGAN 1,1,5
LARUTAN CAP KAKI TIGA LECI,SAMSUNG KUNINGAN 1,0,5
INACO IM COCO LECI,SAMSUNG KUNINGAN 1,0,6
CIMORY MATCHA,SAMSUNG KUNINGAN 1,0,6
MONDE EGG ROLL CHOCOLATE,SAMSUNG KUNINGAN 1,1,15
KUSUKA AYAM MADU,SAMSUNG KUNINGAN 1,8,2
KRIZZI,SAMSUNG KUNINGAN 1,1,4
EGG ROLL STRAWBERRY,SAMSUNG KUNINGAN 1,1,15
CHIKI twist ayam panggang,SAMSUNG KUNINGAN 1,2,3
INACO MINI PUDDING,SAMSUNG KUNINGAN 1,5,6
MILO ORIGINAL 220ML,SAMSUNG KUNINGAN 1,2,4
french fries 2000,SAMSUNG KUNINGAN 1,1,4
yoritos,SAMSUNG KUNINGAN 1,4,1
TEH SEJUK,SAMSUNG KUNINGAN 1,0,10
Kopiko Lucky Day 180 ML,SAMSUNG KUNINGAN 2,0,6
Beng Beng Maxx,SAMSUNG KUNINGAN 2,10,12
MIE SEDAP CUP GORENG,SAMSUNG KUNINGAN 2,0,4
SUKRO OVEN 25 GRAM,SAMSUNG KUNINGAN 2,0,5
POCARI SWEAT 350ML,SAMSUNG KUNINGAN 2,0,10
CROISANT 60 GRAM,SAMSUNG KUNINGAN 2,0,5
INACO MINI JELLY AND PUDDING,SAMSUNG KUNINGAN 2,5,6
LARUTAN CAP KAKI TIGA LECI,SAMSUNG KUNINGAN 2,1,9
POTATO CHIP  50G,SAMSUNG KUNINGAN 2,2,2
CIMORY MATCHA,SAMSUNG KUNINGAN 2,0,6
MIE SEDAAP SELECTION KOREAN SPICY,SAMSUNG KUNINGAN 2,1,3
CIMORY MARIE REGAL,SAMSUNG KUNINGAN 2,0,6
KRIZZI,SAMSUNG KUNINGAN 2,1,4
WALENS BLUEBERRY SOES,SAMSUNG KUNINGAN 2,1,4
french fries 2000,SAMSUNG KUNINGAN 2,0,5
TWISTKO,SAMSUNG KUNINGAN 2,0,5
iyes mix,SAMSUNG KUNINGAN 2,5,11
POTAKREZ sapi panggang,SAMSUNG KUNINGAN 2,2,3
YOU C1000 orange water 500ML,CLUSTER ATHALIA 1,1,9
Nescafe CappuccIno 240 ML,CLUSTER ATHALIA 1,0,7
Beng Beng Maxx,CLUSTER ATHALIA 1,6,6
Hydro Coco 250ML,CLUSTER ATHALIA 1,0,7
CIMORY COKLAT 250ML,CLUSTER ATHALIA 1,6,1
SUKRO OVEN 25 GRAM,CLUSTER ATHALIA 1,2,3
POCARI SWEAT 350ML,CLUSTER ATHALIA 1,0,10
Coca cola kaleng 250ml,CLUSTER ATHALIA 1,0,7
MILKU COKLAT 200ML,CLUSTER ATHALIA 1,1,6
MONDE SERENA SNACK 25 GRAM,CLUSTER ATHALIA 1,4,1
TARO COWBOY STEAK,CLUSTER ATHALIA 1,0,5
MILKU STRAWBERRY,CLUSTER ATHALIA 1,2,5
SPRITE KALENG 250ML,CLUSTER ATHALIA 1,0,7
POKKA LYCHEE TEA,CLUSTER ATHALIA 1,0,5
LARUTAN CAP KAKI TIGA LECI,CLUSTER ATHALIA 1,1,4
INACO IM COCO LECI,CLUSTER ATHALIA 1,0,6
CIMORY MARIE REGAL,CLUSTER ATHALIA 1,0,6
KUSUKA AYAM MADU,CLUSTER ATHALIA 1,4,1
LE MINERALE 2,CLUSTER ATHALIA 1,0,18
EGG ROLL STRAWBERRY,CLUSTER ATHALIA 1,4,8
MILO ORIGINAL 220ML,CLUSTER ATHALIA 1,0,7
NESCAFE ICE BLACK,CLUSTER ATHALIA 1,0,7
Spix mi goreng,CLUSTER ATHALIA 1,3,2
Tic tic rasa bawang asli,CLUSTER ATHALIA 1,0,5
TEH SEJUK,CLUSTER ATHALIA 1,0,5
POTAKREZ sapi panggang,CLUSTER ATHALIA 1,5,0
YOU C1000 orange water 500ML,SENTRA TIMUR 2,0,5
Nescafe CappuccIno 240 ML,SENTRA TIMUR 2,6,1
Beng Beng Maxx,SENTRA TIMUR 2,8,4
Hydro Coco 250ML,SENTRA TIMUR 2,6,0
MIE SEDAP CUP GORENG,SENTRA TIMUR 2,4,0
SUKRO OVEN 25 GRAM,SENTRA TIMUR 2,9,1
MILKU COKLAT 200ML,SENTRA TIMUR 2,0,6
MIE SEDAP CUP RAWIT BINGIT,SENTRA TIMUR 2,3,1
FANTA KALENG 250ML,SENTRA TIMUR 2,6,0
SPRITE KALENG 250ML,SENTRA TIMUR 2,6,0
POKKA LEMON TEA,SENTRA TIMUR 2,5,0
LARUTAN CAP KAKI TIGA LECI,SENTRA TIMUR 2,3,2
KUSUKA AYAM MADU,SENTRA TIMUR 2,5,0
french fries 2000,SENTRA TIMUR 2,5,0
Spix mi goreng,SENTRA TIMUR 2,5,0
TWISTKO,SENTRA TIMUR 2,5,0
POCARI SWEAT KALENG/CAN 330ML,SENTRA TIMUR 2,10,0
TEH SEJUK,SENTRA TIMUR 2,5,0
Le Mineral 600ML,RSCM 1,13,7
Teh Pucuk 350ML,RSCM 1,10,0
Kopiko Lucky Day 180 ML,RSCM 1,7,0
YOU C1000 orange water 500ML,RSCM 1,13,2
Nescafe Latte 240 ML,RSCM 1,7,0
Nescafe CappuccIno 240 ML,RSCM 1,3,3
Beng Beng Maxx,RSCM 1,3,9
Hydro Coco 250ML,RSCM 1,12,0
Pulpy Orange 300ML,RSCM 1,8,2
Coca Cola Kaleng 330ML,RSCM 1,5,2
CIMORY COKLAT 250ML,RSCM 1,3,4
POCARI SWEAT 350ML,RSCM 1,7,3
MIE SEDAP CUP KARI AYAM SPESIAL,RSCM 1,2,2
CROISANT 60 GRAM,RSCM 1,5,0
AW 250ML,RSCM 1,9,3
MONDE SERENA SNACK 25 GRAM,RSCM 1,2,3
MIE SEDAP CUP RAWIT BINGIT,RSCM 1,4,0
POKKA LYCHEE TEA,RSCM 1,2,3
POKKA LEMON TEA,RSCM 1,4,1
MONDE EGG ROLL CHOCOLATE,RSCM 1,12,0
PANDA CINCAU JELLY,RSCM 1,5,0
KUSUKA AYAM MADU,RSCM 1,4,0
WALLENS CHOCOSHOES,RSCM 1,3,2
MILO ORIGINAL 220ML,RSCM 1,4,3
french fries 2000,RSCM 1,4,1
TWISTKO,RSCM 1,3,1
yoritos,RSCM 1,4,1
mayasi paw,RSCM 1,3,2
TEH SEJUK,RSCM 1,0,5
Mie Sedaap Soto,AXA KUNINGAN 2,1,3
Teh Pucuk 350ML,AXA KUNINGAN 2,4,2
Kopiko Lucky Day 180 ML,AXA KUNINGAN 2,9,4
Kacang Mayasi,AXA KUNINGAN 2,3,2
YOU C1000 orange water 500ML,AXA KUNINGAN 2,9,1
Beng Beng Maxx,AXA KUNINGAN 2,7,5
Astor Double Coklat Kecil 40 GRAM,AXA KUNINGAN 2,9,1
Tik Tak Sapi Panggang 90 GRAM,AXA KUNINGAN 2,0,5
Hydro Coco 250ML,AXA KUNINGAN 2,0,7
MIE SEDAP CUP GORENG,AXA KUNINGAN 2,4,0
CIMORY COKLAT 250ML,AXA KUNINGAN 2,6,1
SUKRO OVEN 25 GRAM,AXA KUNINGAN 2,2,3
POCARI SWEAT 350ML,AXA KUNINGAN 2,7,5
MIE SEDAP CUP KARI AYAM SPESIAL,AXA KUNINGAN 2,0,4
CROISANT 60 GRAM,AXA KUNINGAN 2,0,5
MONDE SERENA SNACK 25 GRAM,AXA KUNINGAN 2,0,5
MIE SEDAP CUP RAWIT BINGIT,AXA KUNINGAN 2,0,4
FANTA KALENG 250ML,AXA KUNINGAN 2,5,2
Oi Ocha Green Tea 300 ml,AXA KUNINGAN 2,4,2
MILKIS ORIGINAL,AXA KUNINGAN 2,2,5
CIMORY MARIE REGAL,AXA KUNINGAN 2,2,5
KUSUKA AYAM MADU,AXA KUNINGAN 2,3,2
WALLENS CHOCOSHOES,AXA KUNINGAN 2,2,2
KRIZZI COKLAT,AXA KUNINGAN 2,7,3
OATSIDE COFFEE,AXA KUNINGAN 2,9,5
MILO ORIGINAL 220ML,AXA KUNINGAN 2,4,3
WALENS BLUEBERRY SOES,AXA KUNINGAN 2,4,1
french fries 2000,AXA KUNINGAN 2,1,4
NESCAFE ICE BLACK,AXA KUNINGAN 2,5,2
Spix mi goreng,AXA KUNINGAN 2,5,5
TWISTKO,AXA KUNINGAN 2,3,2
Tic tic rasa bawang asli,AXA KUNINGAN 2,0,0
potato q rasa rumput laut,AXA KUNINGAN 2,0,5
POTAKREZ sapi panggang,AXA KUNINGAN 2,3,2
black thunder,AXA KUNINGAN 2,4,8
Mie Sedaap Soto,AXA KUNINGAN 1,3,1
Teh Pucuk 350ML,AXA KUNINGAN 1,4,1
YOU C1000 orange water 500ML,AXA KUNINGAN 1,3,2
Nescafe CappuccIno 240 ML,AXA KUNINGAN 1,5,1
Beng Beng Maxx,AXA KUNINGAN 1,12,0
Astor Double Coklat Kecil 40 GRAM,AXA KUNINGAN 1,7,3
Hydro Coco 250ML,AXA KUNINGAN 1,12,2
MIE SEDAP CUP GORENG,AXA KUNINGAN 1,2,2
CIMORY COKLAT 250ML,AXA KUNINGAN 1,1,5
SUKRO OVEN 25 GRAM,AXA KUNINGAN 1,0,5
POCARI SWEAT 350ML,AXA KUNINGAN 1,3,3
CROISANT 60 GRAM,AXA KUNINGAN 1,7,3
MONDE SERENA SNACK 25 GRAM,AXA KUNINGAN 1,3,2
MIE SEDAP CUP RAWIT BINGIT,AXA KUNINGAN 1,2,2
Oi Ocha Green Tea 300 ml,AXA KUNINGAN 1,4,1
LARUTAN CAP KAKI TIGA LECI,AXA KUNINGAN 1,4,1
MILKIS ORIGINAL,AXA KUNINGAN 1,2,4
CIMORY MARIE REGAL,AXA KUNINGAN 1,3,3
PANDA CINCAU JELLY,AXA KUNINGAN 1,4,1
ITO EN OLONG,AXA KUNINGAN 1,3,2
KRIZZI COKLAT,AXA KUNINGAN 1,9,1
OATSIDE COFFEE,AXA KUNINGAN 1,11,3
EGG ROLL STRAWBERRY,AXA KUNINGAN 1,1,11
TARO potato barbecue,AXA KUNINGAN 1,0,5
MILO ORIGINAL 220ML,AXA KUNINGAN 1,5,2
WALENS BLUEBERRY SOES,AXA KUNINGAN 1,0,0
french fries 2000,AXA KUNINGAN 1,4,1
Spix mi goreng,AXA KUNINGAN 1,1,4
TWISTKO,AXA KUNINGAN 1,1,4
POCARI SWEAT KALENG/CAN 330ML,AXA KUNINGAN 1,5,0
POTAKREZ sapi panggang,AXA KUNINGAN 1,6,4
Piattos rasa sapi panggang,AXA KUNINGAN 1,3,2
Teh Pucuk 350ML,RS UI LOBBY,12,3
Kacang Mayasi,RS UI LOBBY,0,5
YOU C1000 orange water 500ML,RS UI LOBBY,3,2
Nescafe Latte 240 ML,RS UI LOBBY,5,9
Nescafe CappuccIno 240 ML,RS UI LOBBY,0,7
Beng Beng Maxx,RS UI LOBBY,0,0
Astor Double Coklat Kecil 40 GRAM,RS UI LOBBY,9,1
Tik Tak Sapi Panggang 90 GRAM,RS UI LOBBY,0,5
Hydro Coco 250ML,RS UI LOBBY,9,9
CIMORY COKLAT 250ML,RS UI LOBBY,0,7
SUKRO OVEN 25 GRAM,RS UI LOBBY,0,5
Coca cola kaleng 250ml,RS UI LOBBY,0,7
AQUA 600ml,RS UI LOBBY,13,12
AW 250ML,RS UI LOBBY,0,6
MONDE SERENA SNACK 25 GRAM,RS UI LOBBY,5,5
POKKA LYCHEE TEA,RS UI LOBBY,4,1
POKKA LEMON TEA,RS UI LOBBY,5,0
LARUTAN CAP KAKI TIGA LECI,RS UI LOBBY,0,5
INACO IM COCO LECI,RS UI LOBBY,0,6
POTATO CHIP  50G,RS UI LOBBY,0,4
CIMORY MARIE REGAL,RS UI LOBBY,0,6
PANDA CINCAU JELLY,RS UI LOBBY,4,6
KUSUKA AYAM MADU,RS UI LOBBY,3,2
WALLENS CHOCOSHOES,RS UI LOBBY,3,5
EGG ROLL STRAWBERRY,RS UI LOBBY,2,10
EGG ROLL CHEESE,RS UI LOBBY,0,12
MILO ORIGINAL 220ML,RS UI LOBBY,2,12
WALENS BLUEBERRY SOES,RS UI LOBBY,0,4
french fries 2000,RS UI LOBBY,0,0
Spix mi goreng,RS UI LOBBY,0,4
TWISTKO,RS UI LOBBY,6,4
Tic tic rasa bawang asli,RS UI LOBBY,3,1
Lasegar leci lemon,RS UI LOBBY,5,0
mayasi paw,RS UI LOBBY,0,5
LASEGAR LEMON,RS UI LOBBY,0,5
bro tatoz rendang sapi,RS UI LOBBY,0,5
potato q rasa rumput laut,RS UI LOBBY,0,0
TEH SEJUK,RS UI LOBBY,3,7
POTAKREZ sapi panggang,RS UI LOBBY,0,5
silverqueen bites 30 g,RS UI LOBBY,4,3
milo nuggets 25 g,RS UI LOBBY,3,4
Mie Sedaap Soto,HOTEL WYNDHAM,0,4
Teh Pucuk 350ML,HOTEL WYNDHAM,7,3
Kopiko Lucky Day 180 ML,HOTEL WYNDHAM,3,4
Kacang Mayasi,HOTEL WYNDHAM,5,0
YOU C1000 orange water 500ML,HOTEL WYNDHAM,3,2
Nescafe CappuccIno 240 ML,HOTEL WYNDHAM,6,6
Beng Beng Maxx,HOTEL WYNDHAM,12,0
Astor Double Coklat Kecil 40 GRAM,HOTEL WYNDHAM,6,4
Tik Tak Sapi Panggang 90 GRAM,HOTEL WYNDHAM,0,0
Hydro Coco 250ML,HOTEL WYNDHAM,5,1
MIE SEDAP CUP GORENG,HOTEL WYNDHAM,4,0
CIMORY COKLAT 250ML,HOTEL WYNDHAM,9,5
SUKRO OVEN 25 GRAM,HOTEL WYNDHAM,5,0
POCARI SWEAT 350ML,HOTEL WYNDHAM,3,2
CROISANT 60 GRAM,HOTEL WYNDHAM,2,3
AW 250ML,HOTEL WYNDHAM,7,7
MONDE SERENA SNACK 25 GRAM,HOTEL WYNDHAM,4,1
MIE SEDAP CUP RAWIT BINGIT,HOTEL WYNDHAM,0,4
SPRITE KALENG 250ML,HOTEL WYNDHAM,3,4
CIMORY MATCHA,HOTEL WYNDHAM,0,0
MIE SEDAAP SELECTION KOREAN SPICY,HOTEL WYNDHAM,0,4
MONDE EGG ROLL CHOCOLATE,HOTEL WYNDHAM,10,2
KUSUKA AYAM MADU,HOTEL WYNDHAM,10,0
WALLENS CHOCOSHOES,HOTEL WYNDHAM,6,4
LE MINERALE 2,HOTEL WYNDHAM,9,1
EGG ROLL STRAWBERRY,HOTEL WYNDHAM,5,7
MILO ORIGINAL 220ML,HOTEL WYNDHAM,0,6
WALENS BLUEBERRY SOES,HOTEL WYNDHAM,0,0
french fries 2000,HOTEL WYNDHAM,3,2
NESCAFE ICE BLACK,HOTEL WYNDHAM,4,2
Spix mi goreng,HOTEL WYNDHAM,0,5
Tic tic rasa bawang asli,HOTEL WYNDHAM,7,3
yoritos,HOTEL WYNDHAM,2,3
bro tatoz rendang sapi,HOTEL WYNDHAM,4,1
TEH SEJUK,HOTEL WYNDHAM,0,5
Teh Pucuk 350ML,INDOCEMENT 10,6,4
YOU C1000 orange water 500ML,INDOCEMENT 10,12,3
Nescafe CappuccIno 240 ML,INDOCEMENT 10,1,11
Beng Beng Maxx,INDOCEMENT 10,0,12
MILKU COKLAT 200ML,INDOCEMENT 10,2,5
MONDE SERENA SNACK 25 GRAM,INDOCEMENT 10,0,5
POKKA LEMON TEA,INDOCEMENT 10,5,5
LARUTAN CAP KAKI TIGA LECI,INDOCEMENT 10,4,1
MIE SEDAAP SELECTION KOREAN SPICY,INDOCEMENT 10,2,2
MILO ORIGINAL 220ML,INDOCEMENT 10,8,4
NESCAFE ICE BLACK,INDOCEMENT 10,0,7
Lasegar leci lemon,INDOCEMENT 10,4,1
Mie Sedaap Soto,HOTEL 101,0,4
Teh Pucuk 350ML,HOTEL 101,7,3
Kacang Mayasi,HOTEL 101,3,2
YOU C1000 orange water 500ML,HOTEL 101,7,3
Nescafe CappuccIno 240 ML,HOTEL 101,1,6
Beng Beng Maxx,HOTEL 101,10,2
Tik Tak Sapi Panggang 90 GRAM,HOTEL 101,0,5
Tik Tak Original 90 GRAM,HOTEL 101,4,1
Hydro Coco 250ML,HOTEL 101,13,1
Pulpy Orange 300ML,HOTEL 101,9,1
MIE SEDAP CUP GORENG,HOTEL 101,0,4
SUKRO OVEN 25 GRAM,HOTEL 101,8,2
MIE SEDAP CUP KARI AYAM SPESIAL,HOTEL 101,0,4
MILKU COKLAT 200ML,HOTEL 101,0,6
CROISANT 60 GRAM,HOTEL 101,3,7
AW 250ML,HOTEL 101,5,2
MONDE SERENA SNACK 25 GRAM,HOTEL 101,1,4
MIE SEDAP CUP RAWIT BINGIT,HOTEL 101,0,4
MILKU STRAWBERRY,HOTEL 101,0,6
MIE SEDAAP SELECTION KOREAN SPICY,HOTEL 101,0,4
MONDE EGG ROLL CHOCOLATE,HOTEL 101,0,12
PANDA CINCAU JELLY,HOTEL 101,7,3
KUSUKA AYAM MADU,HOTEL 101,2,3
MILO ORIGINAL 220ML,HOTEL 101,0,6
WALENS BLUEBERRY SOES,HOTEL 101,4,1
french fries 2000,HOTEL 101,0,5
Spix mi goreng,HOTEL 101,0,5
TWISTKO,HOTEL 101,1,4
Tic tic rasa bawang asli,HOTEL 101,0,5
Lasegar leci lemon,HOTEL 101,4,1
LASEGAR LEMON,HOTEL 101,0,0
POCARI SWEAT KALENG/CAN 330ML,HOTEL 101,4,6
TEH SEJUK,HOTEL 101,5,0
bro tatoz rasa rumput laut,HOTEL 101,0,5
Le Mineral 600ML,ROYAL ENFIELD ANTASARI,12,8
Mie Sedaap Soto,ROYAL ENFIELD ANTASARI,0,4
Teh Pucuk 350ML,ROYAL ENFIELD ANTASARI,3,2
Kopiko Lucky Day 180 ML,ROYAL ENFIELD ANTASARI,2,3
YOU C1000 orange water 500ML,ROYAL ENFIELD ANTASARI,12,3
Nescafe Latte 240 ML,ROYAL ENFIELD ANTASARI,9,5
Nescafe CappuccIno 240 ML,ROYAL ENFIELD ANTASARI,1,5
Beng Beng Maxx,ROYAL ENFIELD ANTASARI,7,5
Hydro Coco 250ML,ROYAL ENFIELD ANTASARI,1,6
MIE SEDAP CUP GORENG,ROYAL ENFIELD ANTASARI,1,3
CIMORY COKLAT 250ML,ROYAL ENFIELD ANTASARI,4,3
SUKRO OVEN 25 GRAM,ROYAL ENFIELD ANTASARI,6,4
POCARI SWEAT 350ML,ROYAL ENFIELD ANTASARI,13,2
MIE SEDAP CUP KARI AYAM SPESIAL,ROYAL ENFIELD ANTASARI,1,3
CIMORY STRAWBERY 250ML,ROYAL ENFIELD ANTASARI,2,5
Coca cola kaleng 250ml,ROYAL ENFIELD ANTASARI,2,5
MONDE SERENA SNACK 25 GRAM,ROYAL ENFIELD ANTASARI,0,5
LARUTAN CAP KAKI TIGA LECI,ROYAL ENFIELD ANTASARI,0,5
INACO IM COCO LECI,ROYAL ENFIELD ANTASARI,0,5
POTATO CHIP  50G,ROYAL ENFIELD ANTASARI,1,3
MIE SEDAAP SELECTION KOREAN SPICY,ROYAL ENFIELD ANTASARI,3,1
MILO ORIGINAL 220ML,ROYAL ENFIELD ANTASARI,9,3
WALENS BLUEBERRY SOES,ROYAL ENFIELD ANTASARI,0,5
french fries 2000,ROYAL ENFIELD ANTASARI,4,1
NESCAFE ICE BLACK,ROYAL ENFIELD ANTASARI,2,4
Spix mi goreng,ROYAL ENFIELD ANTASARI,0,5
TWISTKO,ROYAL ENFIELD ANTASARI,0,5
LASEGAR LEMON,ROYAL ENFIELD ANTASARI,3,2
TEH SEJUK,ROYAL ENFIELD ANTASARI,0,5
POTAKREZ sapi panggang,ROYAL ENFIELD ANTASARI,3,2
Teh Pucuk 350ML,SEKOLAH BSP,10,0
Beng Beng Maxx,SEKOLAH BSP,11,1
Astor Double Coklat Kecil 40 GRAM,SEKOLAH BSP,5,0
Hydro Coco 250ML,SEKOLAH BSP,9,3
Pulpy Orange 300ML,SEKOLAH BSP,6,4
POCARI SWEAT 350ML,SEKOLAH BSP,10,0
AQUA 600ml,SEKOLAH BSP,9,16
AW 250ML,SEKOLAH BSP,10,4
MONDE SERENA SNACK 25 GRAM,SEKOLAH BSP,3,1
POKKA LYCHEE TEA,SEKOLAH BSP,0,5
INACO IM COCO LECI,SEKOLAH BSP,0,5
POTATO CHIP  50G,SEKOLAH BSP,4,0
CIMORY MATCHA,SEKOLAH BSP,6,1
PANDA CINCAU JELLY,SEKOLAH BSP,0,5
QTELA TEMPE ORIGINAL,SEKOLAH BSP,2,2
MILO ORIGINAL 220ML,SEKOLAH BSP,7,5
Tic tic rasa bawang asli,SEKOLAH BSP,4,0
LASEGAR LEMON,SEKOLAH BSP,0,5
TEH SEJUK,SEKOLAH BSP,5,0
Mie Sedaap Soto,UNIPREP PONDOK INDAH,4,0
Teh Pucuk 350ML,UNIPREP PONDOK INDAH,0,0
Nescafe Latte 240 ML,UNIPREP PONDOK INDAH,9,3
Nescafe CappuccIno 240 ML,UNIPREP PONDOK INDAH,0,6
Beng Beng Maxx,UNIPREP PONDOK INDAH,18,6
Astor Double Coklat Kecil 40 GRAM,UNIPREP PONDOK INDAH,4,1
Hydro Coco 250ML,UNIPREP PONDOK INDAH,11,1
MIE SEDAP CUP GORENG,UNIPREP PONDOK INDAH,3,1
CIMORY COKLAT 250ML,UNIPREP PONDOK INDAH,1,6
SUKRO OVEN 25 GRAM,UNIPREP PONDOK INDAH,6,4
POCARI SWEAT 350ML,UNIPREP PONDOK INDAH,5,0
AW 250ML,UNIPREP PONDOK INDAH,6,1
MONDE SERENA SNACK 25 GRAM,UNIPREP PONDOK INDAH,2,3
MIE SEDAP CUP RAWIT BINGIT,UNIPREP PONDOK INDAH,0,4
MILKU STRAWBERRY,UNIPREP PONDOK INDAH,0,7
SPRITE KALENG 250ML,UNIPREP PONDOK INDAH,8,2
LARUTAN CAP KAKI TIGA LECI,UNIPREP PONDOK INDAH,4,1
INACO IM COCO LECI,UNIPREP PONDOK INDAH,0,0
POTATO CHIP  50G,UNIPREP PONDOK INDAH,1,3
MIE SEDAAP SELECTION KOREAN SPICY,UNIPREP PONDOK INDAH,0,4
MONDE EGG ROLL CHOCOLATE,UNIPREP PONDOK INDAH,12,0
KUSUKA AYAM MADU,UNIPREP PONDOK INDAH,5,0
SUNKIST LEMON C,UNIPREP PONDOK INDAH,6,4
LE MINERALE 2,UNIPREP PONDOK INDAH,17,8
MILO ORIGINAL 220ML,UNIPREP PONDOK INDAH,10,2
WALENS BLUEBERRY SOES,UNIPREP PONDOK INDAH,3,1
french fries 2000,UNIPREP PONDOK INDAH,7,3
NESCAFE ICE BLACK,UNIPREP PONDOK INDAH,6,8
Spix mi goreng,UNIPREP PONDOK INDAH,0,5
TWISTKO,UNIPREP PONDOK INDAH,3,2
mayasi paw,UNIPREP PONDOK INDAH,4,1
LASEGAR LEMON,UNIPREP PONDOK INDAH,3,2
potato q rasa rumput laut,UNIPREP PONDOK INDAH,0,5
TEH SEJUK,UNIPREP PONDOK INDAH,3,2
POTAKREZ sapi panggang,UNIPREP PONDOK INDAH,2,3
Teh Pucuk 350ML,PULOMAS 4,0,10
YOU C1000 orange water 500ML,PULOMAS 4,0,10
Nescafe Latte 240 ML,PULOMAS 4,2,12
Nescafe CappuccIno 240 ML,PULOMAS 4,0,7
Beng Beng Maxx,PULOMAS 4,0,24
Tik Tak Sapi Panggang 90 GRAM,PULOMAS 4,0,5
Tik Tak Original 90 GRAM,PULOMAS 4,0,5
CIMORY COKLAT 250ML,PULOMAS 4,3,4
SUKRO OVEN 25 GRAM,PULOMAS 4,0,5
POCARI SWEAT 350ML,PULOMAS 4,0,12
Coca cola kaleng 250ml,PULOMAS 4,1,13
AW 250ML,PULOMAS 4,0,12
MONDE SERENA SNACK 25 GRAM,PULOMAS 4,0,5
MILKU STRAWBERRY,PULOMAS 4,0,6
SPRITE KALENG 250ML,PULOMAS 4,0,7
LARUTAN CAP KAKI TIGA LECI,PULOMAS 4,0,10
CIMORY MARIE REGAL,PULOMAS 4,2,5
KUSUKA AYAM MADU,PULOMAS 4,2,3
LE MINERALE 2,PULOMAS 4,0,20
EGG ROLL STRAWBERRY,PULOMAS 4,4,8
MILO ORIGINAL 220ML,PULOMAS 4,0,7
WALENS BLUEBERRY SOES,PULOMAS 4,4,4
french fries 2000,PULOMAS 4,3,2
NESCAFE ICE BLACK,PULOMAS 4,0,7
Spix mi goreng,PULOMAS 4,0,5
TWISTKO,PULOMAS 4,3,2
mayasi paw,PULOMAS 4,0,5
TEH SEJUK,PULOMAS 4,1,11
Le Mineral 600ML,SEKOLAH AL AZHAR GRAND WISATA BEKASI,19,6
Teh Pucuk 350ML,SEKOLAH AL AZHAR GRAND WISATA BEKASI,8,2
Pocari Sweat 500ML,SEKOLAH AL AZHAR GRAND WISATA BEKASI,5,0
YOU C1000 orange water 500ML,SEKOLAH AL AZHAR GRAND WISATA BEKASI,4,1
Beng Beng Maxx,SEKOLAH AL AZHAR GRAND WISATA BEKASI,5,7
Tik Tak Sapi Panggang 90 GRAM,SEKOLAH AL AZHAR GRAND WISATA BEKASI,0,5
Hydro Coco 250ML,SEKOLAH AL AZHAR GRAND WISATA BEKASI,7,5
SUKRO OVEN 25 GRAM,SEKOLAH AL AZHAR GRAND WISATA BEKASI,4,1
POCARI SWEAT 350ML,SEKOLAH AL AZHAR GRAND WISATA BEKASI,0,5
MILKU COKLAT 200ML,SEKOLAH AL AZHAR GRAND WISATA BEKASI,9,3
MILKU STRAWBERRY,SEKOLAH AL AZHAR GRAND WISATA BEKASI,10,2
POKKA LYCHEE TEA,SEKOLAH AL AZHAR GRAND WISATA BEKASI,4,1
POKKA LEMON TEA,SEKOLAH AL AZHAR GRAND WISATA BEKASI,3,2
LARUTAN CAP KAKI TIGA LECI,SEKOLAH AL AZHAR GRAND WISATA BEKASI,5,0
POTATO CHIP  50G,SEKOLAH AL AZHAR GRAND WISATA BEKASI,4,0
MONDE EGG ROLL CHOCOLATE,SEKOLAH AL AZHAR GRAND WISATA BEKASI,7,5
KUSUKA AYAM MADU,SEKOLAH AL AZHAR GRAND WISATA BEKASI,9,1
WALLENS CHOCOSHOES,SEKOLAH AL AZHAR GRAND WISATA BEKASI,5,3
EGG ROLL STRAWBERRY,SEKOLAH AL AZHAR GRAND WISATA BEKASI,2,10
french fries 2000,SEKOLAH AL AZHAR GRAND WISATA BEKASI,7,3
Spix mi goreng,SEKOLAH AL AZHAR GRAND WISATA BEKASI,4,0
TWISTKO,SEKOLAH AL AZHAR GRAND WISATA BEKASI,7,3
Lasegar leci lemon,SEKOLAH AL AZHAR GRAND WISATA BEKASI,5,0
mayasi paw,SEKOLAH AL AZHAR GRAND WISATA BEKASI,4,1
LASEGAR LEMON,SEKOLAH AL AZHAR GRAND WISATA BEKASI,5,0
fire crackers,SEKOLAH AL AZHAR GRAND WISATA BEKASI,4,1
POCARI SWEAT KALENG/CAN 330ML,SEKOLAH AL AZHAR GRAND WISATA BEKASI,5,0
TEH SEJUK,SEKOLAH AL AZHAR GRAND WISATA BEKASI,2,3
Le Mineral 600ML,ST REGIST 1,19,6
Teh Pucuk 350ML,ST REGIST 1,8,2
Kacang Mayasi,ST REGIST 1,5,0
YOU C1000 orange water 500ML,ST REGIST 1,11,4
Nescafe Latte 240 ML,ST REGIST 1,0,0
Nescafe CappuccIno 240 ML,ST REGIST 1,9,9
Astor Double Coklat Kecil 40 GRAM,ST REGIST 1,2,3
Tik Tak Sapi Panggang 90 GRAM,ST REGIST 1,3,2
Tik Tak Original 90 GRAM,ST REGIST 1,1,4
Hydro Coco 250ML,ST REGIST 1,8,4
SUKRO OVEN 25 GRAM,ST REGIST 1,7,3
POCARI SWEAT 350ML,ST REGIST 1,1,4
Coca cola kaleng 250ml,ST REGIST 1,0,0
MILKU COKLAT 200ML,ST REGIST 1,0,7
CROISANT 60 GRAM,ST REGIST 1,6,4
AW 250ML,ST REGIST 1,3,3
MONDE SERENA SNACK 25 GRAM,ST REGIST 1,4,1
FANTA KALENG 250ML,ST REGIST 1,0,6
MILKU STRAWBERRY,ST REGIST 1,0,7
POKKA LYCHEE TEA,ST REGIST 1,3,2
POKKA LEMON TEA,ST REGIST 1,4,1
LARUTAN CAP KAKI TIGA LECI,ST REGIST 1,0,5
INACO IM COCO LECI,ST REGIST 1,0,0
MONDE PIE MINI,ST REGIST 1,0,5
PANDA CINCAU JELLY,ST REGIST 1,4,6
KUSUKA AYAM MADU,ST REGIST 1,3,2
WALLENS CHOCOSHOES,ST REGIST 1,0,0
TARO potato barbecue,ST REGIST 1,4,1
MILO ORIGINAL 220ML,ST REGIST 1,6,1
french fries 2000,ST REGIST 1,4,1
NESCAFE ICE BLACK,ST REGIST 1,0,0
Spix mi goreng,ST REGIST 1,0,5
TWISTKO,ST REGIST 1,0,5
Tic tic rasa bawang asli,ST REGIST 1,0,5
Lasegar leci lemon,ST REGIST 1,0,5
mayasi paw,ST REGIST 1,0,0
LASEGAR LEMON,ST REGIST 1,0,5
bro tatoz bbq korea,ST REGIST 1,2,3
potato q rasa rumput laut,ST REGIST 1,3,2
TEH SEJUK,ST REGIST 1,0,5
POTAKREZ sapi panggang,ST REGIST 1,0,5
silverqueen bites 30 g,ST REGIST 1,4,3
milo nuggets 25 g,ST REGIST 1,2,5
delfi take it,ST REGIST 1,5,2
Le Mineral 600ML,KLINIK LALITA BEKASI,9,11
Teh Pucuk 350ML,KLINIK LALITA BEKASI,4,6
Kopiko Lucky Day 180 ML,KLINIK LALITA BEKASI,4,3
YOU C1000 orange water 500ML,KLINIK LALITA BEKASI,15,0
Beng Beng Maxx,KLINIK LALITA BEKASI,10,2
Astor Double Coklat Kecil 40 GRAM,KLINIK LALITA BEKASI,0,5
ABC Sari Kacang Hijau 250ML,KLINIK LALITA BEKASI,5,2
Hydro Coco 250ML,KLINIK LALITA BEKASI,4,8
CIMORY COKLAT 250ML,KLINIK LALITA BEKASI,4,10
POCARI SWEAT 350ML,KLINIK LALITA BEKASI,7,5
CIMORY STRAWBERY 250ML,KLINIK LALITA BEKASI,5,2
MILKU COKLAT 200ML,KLINIK LALITA BEKASI,0,7
CROISANT 60 GRAM,KLINIK LALITA BEKASI,4,1
MILKU STRAWBERRY,KLINIK LALITA BEKASI,0,7
POKKA LEMON TEA,KLINIK LALITA BEKASI,10,0
LARUTAN CAP KAKI TIGA LECI,KLINIK LALITA BEKASI,3,2
INACO IM COCO LECI,KLINIK LALITA BEKASI,3,3
POTATO CHIP  50G,KLINIK LALITA BEKASI,2,2
MONDE EGG ROLL CHOCOLATE,KLINIK LALITA BEKASI,11,1
PANDA CINCAU JELLY,KLINIK LALITA BEKASI,3,2
KUSUKA AYAM MADU,KLINIK LALITA BEKASI,10,0
WALLENS CHOCOSHOES,KLINIK LALITA BEKASI,3,1
OATSIDE COKLAT,KLINIK LALITA BEKASI,4,2
INACO MINI PUDDING,KLINIK LALITA BEKASI,6,6
WALENS BLUEBERRY SOES,KLINIK LALITA BEKASI,2,6
french fries 2000,KLINIK LALITA BEKASI,4,1
Spix mi goreng,KLINIK LALITA BEKASI,1,4
TWISTKO,KLINIK LALITA BEKASI,4,1
Lasegar leci lemon,KLINIK LALITA BEKASI,4,1
mayasi paw,KLINIK LALITA BEKASI,5,0
bro tatoz rendang sapi,KLINIK LALITA BEKASI,0,5
TEH SEJUK,KLINIK LALITA BEKASI,11,4
kinder bueno 43 g,KLINIK LALITA BEKASI,2,5
pringles original 42g,KLINIK LALITA BEKASI,3,2
Le Mineral 600ML,AXA KUNINGAN 3,5,0
Mie Sedaap Soto,AXA KUNINGAN 3,0,4
Kopiko Lucky Day 180 ML,AXA KUNINGAN 3,7,0
YOU C1000 orange water 500ML,AXA KUNINGAN 3,4,2
Nescafe Latte 240 ML,AXA KUNINGAN 3,5,2
Nescafe CappuccIno 240 ML,AXA KUNINGAN 3,0,7
Beng Beng Maxx,AXA KUNINGAN 3,10,2
Astor Double Coklat Kecil 40 GRAM,AXA KUNINGAN 3,5,0
Tik Tak Sapi Panggang 90 GRAM,AXA KUNINGAN 3,0,5
Hydro Coco 250ML,AXA KUNINGAN 3,7,0
MIE SEDAP CUP GORENG,AXA KUNINGAN 3,0,4
SUKRO OVEN 25 GRAM,AXA KUNINGAN 3,2,3
MILKU COKLAT 200ML,AXA KUNINGAN 3,0,7
CROISANT 60 GRAM,AXA KUNINGAN 3,3,2
AW 250ML,AXA KUNINGAN 3,4,3
MIE SEDAP CUP RAWIT BINGIT,AXA KUNINGAN 3,2,2
Oi Ocha Green Tea 300 ml,AXA KUNINGAN 3,5,1
MILKU STRAWBERRY,AXA KUNINGAN 3,0,7
CIMORY MATCHA,AXA KUNINGAN 3,0,7
MIE SEDAAP SELECTION KOREAN SPICY,AXA KUNINGAN 3,0,4
MONDE EGG ROLL CHOCOLATE,AXA KUNINGAN 3,12,0
CIMORY MARIE REGAL,AXA KUNINGAN 3,0,7
KUSUKA AYAM MADU,AXA KUNINGAN 3,10,0
SUNKIST LEMON C,AXA KUNINGAN 3,0,6
ITO EN OLONG,AXA KUNINGAN 3,5,1
WALLENS CHOCOSHOES,AXA KUNINGAN 3,4,0
KRIZZI COKLAT,AXA KUNINGAN 3,8,2
OATSIDE COFFEE,AXA KUNINGAN 3,13,1
CIMORY ALMOND,AXA KUNINGAN 3,5,2
EGG ROLL STRAWBERRY,AXA KUNINGAN 3,0,12
EGG ROLL CHEESE,AXA KUNINGAN 3,0,12
QTELA TEMPE ORIGINAL,AXA KUNINGAN 3,1,4
MILO ORIGINAL 220ML,AXA KUNINGAN 3,5,2
WALENS BLUEBERRY SOES,AXA KUNINGAN 3,3,2
french fries 2000,AXA KUNINGAN 3,0,5
NESCAFE ICE BLACK,AXA KUNINGAN 3,4,3
Spix mi goreng,AXA KUNINGAN 3,3,2
Tic tic rasa bawang asli,AXA KUNINGAN 3,8,1
mayasi paw,AXA KUNINGAN 3,5,0
potato q rasa rumput laut,AXA KUNINGAN 3,3,2
TEH SEJUK,AXA KUNINGAN 3,6,0
potato q rasa sosis meksiko,AXA KUNINGAN 3,0,5
caffino,AXA KUNINGAN 3,0,6
black thunder,AXA KUNINGAN 3,4,8
Le Mineral 600ML,UNIPREP BSD 1,6,9
Teh Pucuk 350ML,UNIPREP BSD 1,1,4
Kopiko Lucky Day 180 ML,UNIPREP BSD 1,4,2
YOU C1000 orange water 500ML,UNIPREP BSD 1,3,2
Nescafe Latte 240 ML,UNIPREP BSD 1,5,2
Beng Beng Maxx,UNIPREP BSD 1,0,12
Panda Grass Jely dan Selasih 350ML,UNIPREP BSD 1,4,1
CIMORY COKLAT 250ML,UNIPREP BSD 1,0,7
SUKRO OVEN 25 GRAM,UNIPREP BSD 1,3,2
POCARI SWEAT 350ML,UNIPREP BSD 1,3,2
MILKU COKLAT 200ML,UNIPREP BSD 1,1,4
CROISANT 60 GRAM,UNIPREP BSD 1,0,5
AW 250ML,UNIPREP BSD 1,6,1
MILKU STRAWBERRY,UNIPREP BSD 1,3,3
INACO MINI JELLY AND PUDDING,UNIPREP BSD 1,5,0
POKKA LEMON TEA,UNIPREP BSD 1,2,3
LARUTAN CAP KAKI TIGA LECI,UNIPREP BSD 1,2,3
POTATO CHIP  50G,UNIPREP BSD 1,1,3
CIMORY MATCHA,UNIPREP BSD 1,5,2
YOUVIT KAFE G,UNIPREP BSD 1,3,9
MONDE EGG ROLL CHOCOLATE,UNIPREP BSD 1,0,12
CIMORY MARIE REGAL,UNIPREP BSD 1,4,3
PANDA CINCAU JELLY,UNIPREP BSD 1,3,2
KUSUKA AYAM MADU,UNIPREP BSD 1,2,8
WALLENS CHOCOSHOES,UNIPREP BSD 1,0,4
KRIZZI COKLAT,UNIPREP BSD 1,1,4
CIMORY ALMOND,UNIPREP BSD 1,4,2
QTELA TEMPE CABAI RAWIT,UNIPREP BSD 1,1,4
MILO ORIGINAL 220ML,UNIPREP BSD 1,6,6
WALENS BLUEBERRY SOES,UNIPREP BSD 1,7,1
french fries 2000,UNIPREP BSD 1,0,5
Spix mi goreng,UNIPREP BSD 1,0,0
fire crackers sambal mangga,UNIPREP BSD 1,1,4
mayasi paw,UNIPREP BSD 1,2,2
POCARI SWEAT KALENG/CAN 330ML,UNIPREP BSD 1,2,3
TEH SEJUK,UNIPREP BSD 1,4,1
POTAKREZ sapi panggang,UNIPREP BSD 1,2,3
bro tatoz rasa rumput laut,UNIPREP BSD 1,0,5
Le Mineral 600ML,UNIPREP BSD 2,10,5
Teh Pucuk 350ML,UNIPREP BSD 2,1,4
Kopiko Lucky Day 180 ML,UNIPREP BSD 2,5,2
Kacang Mayasi,UNIPREP BSD 2,5,0
YOU C1000 orange water 500ML,UNIPREP BSD 2,3,2
Nescafe Latte 240 ML,UNIPREP BSD 2,6,1
Nescafe CappuccIno 240 ML,UNIPREP BSD 2,3,3
Hydro Coco 250ML,UNIPREP BSD 2,6,1
MIE SEDAP CUP GORENG,UNIPREP BSD 2,2,2
SUKRO OVEN 25 GRAM,UNIPREP BSD 2,2,3
POCARI SWEAT 350ML,UNIPREP BSD 2,3,2
CIMORY STRAWBERY 250ML,UNIPREP BSD 2,2,4
Coca cola kaleng 250ml,UNIPREP BSD 2,4,1
MILKU COKLAT 200ML,UNIPREP BSD 2,3,3
CROISANT 60 GRAM,UNIPREP BSD 2,0,5
AW 250ML,UNIPREP BSD 2,4,3
KUSUKA KRIPIK BARBEQUE 60 GRAM,UNIPREP BSD 2,4,0
PANDA BIRD NEST,UNIPREP BSD 2,3,2
POKKA LYCHEE TEA,UNIPREP BSD 2,4,1
POKKA LEMON TEA,UNIPREP BSD 2,4,1
LARUTAN CAP KAKI TIGA LECI,UNIPREP BSD 2,4,1
CIMORY MATCHA,UNIPREP BSD 2,3,3
CIMORY MARIE REGAL,UNIPREP BSD 2,4,2
MAXTEA MILKTEA,UNIPREP BSD 2,2,3
PANDA CINCAU JELLY,UNIPREP BSD 2,0,5
SUNKIST LEMON C,UNIPREP BSD 2,4,1
WALLENS CHOCOSHOES,UNIPREP BSD 2,0,4
TWISTKO,UNIPREP BSD 2,0,0
lasegar jeruk,UNIPREP BSD 2,4,1
yoritos,UNIPREP BSD 2,4,0
mayasi paw,UNIPREP BSD 2,4,1
LASEGAR LEMON,UNIPREP BSD 2,1,4
POTAKREZ sapi panggang,UNIPREP BSD 2,5,0
bro tatoz rasa rumput laut,UNIPREP BSD 2,5,0
Le Mineral 600ML,CLUSTER ATHALIA 2,23,7
Coca Cola Botol 390ML,CLUSTER ATHALIA 2,5,5
Teh Pucuk 350ML,CLUSTER ATHALIA 2,1,5
SPRITE BOTOL 390ML,CLUSTER ATHALIA 2,9,1
YOU C1000 orange water 500ML,CLUSTER ATHALIA 2,0,5
Pulpy Orange 300ML,CLUSTER ATHALIA 2,0,5
CIMORY COKLAT 250ML,CLUSTER ATHALIA 2,0,7
POCARI SWEAT 350ML,CLUSTER ATHALIA 2,4,11
CIMORY STRAWBERY 250ML,CLUSTER ATHALIA 2,1,6
Coca cola kaleng 250ml,CLUSTER ATHALIA 2,5,0
AW 250ML,CLUSTER ATHALIA 2,5,1
MONDE SERENA SNACK 25 GRAM,CLUSTER ATHALIA 2,2,2
FANTA KALENG 250ML,CLUSTER ATHALIA 2,5,2
MILKU STRAWBERRY,CLUSTER ATHALIA 2,1,5
LARUTAN CAP KAKI TIGA JAMBU BIJI,CLUSTER ATHALIA 2,1,4
POKKA LYCHEE TEA,CLUSTER ATHALIA 2,4,1
POKKA LEMON TEA,CLUSTER ATHALIA 2,4,1
LARUTAN CAP KAKI TIGA LECI,CLUSTER ATHALIA 2,0,5
INACO IM COCO LECI,CLUSTER ATHALIA 2,0,5
CIMORY MATCHA,CLUSTER ATHALIA 2,1,6
CIMORY MARIE REGAL,CLUSTER ATHALIA 2,4,3
SUNKIST LEMON C,CLUSTER ATHALIA 2,3,2
WALLENS CHOCOSHOES,CLUSTER ATHALIA 2,2,2
EGG ROLL CHEESE,CLUSTER ATHALIA 2,6,6
sunkist water orange,CLUSTER ATHALIA 2,0,16
MILO ORIGINAL 220ML,CLUSTER ATHALIA 2,0,7
WALENS BLUEBERRY SOES,CLUSTER ATHALIA 2,3,1
TEH SEJUK,CLUSTER ATHALIA 2,11,0
Le Mineral 600ML,PT TIMERINDO,8,22
Mie Sedaap Soto,PT TIMERINDO,0,0
Coca Cola Botol 390ML,PT TIMERINDO,0,5
Teh Pucuk 350ML,PT TIMERINDO,9,6
Kopiko Lucky Day 180 ML,PT TIMERINDO,0,5
YOU C1000 orange water 500ML,PT TIMERINDO,5,0
Nescafe Latte 240 ML,PT TIMERINDO,9,1
Beng Beng Maxx,PT TIMERINDO,1,11
Astor Double Coklat Kecil 40 GRAM,PT TIMERINDO,0,10
Tik Tak Sapi Panggang 90 GRAM,PT TIMERINDO,0,5
Tik Tak Original 90 GRAM,PT TIMERINDO,0,0
Hydro Coco 250ML,PT TIMERINDO,8,4
Pulpy Orange 300ML,PT TIMERINDO,1,4
MIE SEDAP CUP GORENG,PT TIMERINDO,0,8
Panda Grass Jely dan Selasih 350ML,PT TIMERINDO,0,5
CIMORY COKLAT 250ML,PT TIMERINDO,0,6
SUKRO OVEN 25 GRAM,PT TIMERINDO,0,10
POCARI SWEAT 350ML,PT TIMERINDO,9,1
MIE SEDAP CUP KARI AYAM SPESIAL,PT TIMERINDO,0,4
CIMORY STRAWBERY 250ML,PT TIMERINDO,0,6
Coca cola kaleng 250ml,PT TIMERINDO,10,0
CROISANT 60 GRAM,PT TIMERINDO,0,10
MONDE SERENA SNACK 25 GRAM,PT TIMERINDO,0,10
MIE SEDAP CUP RAWIT BINGIT,PT TIMERINDO,0,4
Oi Ocha Green Tea 300 ml,PT TIMERINDO,3,2
SPRITE KALENG 250ML,PT TIMERINDO,0,5
LARUTAN CAP KAKI TIGA LECI,PT TIMERINDO,9,1
INACO IM COCO LECI,PT TIMERINDO,0,5
CIMORY MATCHA,PT TIMERINDO,0,6
CIMORY MARIE REGAL,PT TIMERINDO,7,5
MONDE PIE MINI,PT TIMERINDO,0,0
PANDA CINCAU JELLY,PT TIMERINDO,0,5
KUSUKA AYAM MADU,PT TIMERINDO,0,10
SUNKIST LEMON C,PT TIMERINDO,0,5
CIMORY ALMOND,PT TIMERINDO,5,7
EGG ROLL STRAWBERRY,PT TIMERINDO,0,12
Go potato cheese,PT TIMERINDO,0,5
sunkist water orange,PT TIMERINDO,0,5
INACO MINI PUDDING,PT TIMERINDO,7,5
MILO ORIGINAL 220ML,PT TIMERINDO,7,3
french fries 2000,PT TIMERINDO,0,0
NESCAFE ICE BLACK,PT TIMERINDO,0,5
yoritos,PT TIMERINDO,0,5
mayasi paw,PT TIMERINDO,0,5
TEH SEJUK,PT TIMERINDO,0,5
POTAKREZ sapi panggang,PT TIMERINDO,0,5
bro tatoz rasa rumput laut,PT TIMERINDO,0,5
Le Mineral 600ML,PULOMAS 1,16,4
Teh Pucuk 350ML,PULOMAS 1,0,15
Kopiko Lucky Day 180 ML,PULOMAS 1,5,2
Kacang Mayasi,PULOMAS 1,0,5
Nescafe Latte 240 ML,PULOMAS 1,0,6
Nescafe CappuccIno 240 ML,PULOMAS 1,1,6
Beng Beng Maxx,PULOMAS 1,8,16
Tik Tak Original 90 GRAM,PULOMAS 1,0,0
Hydro Coco 250ML,PULOMAS 1,5,2
MIE SEDAP CUP GORENG,PULOMAS 1,5,3
CIMORY COKLAT 250ML,PULOMAS 1,0,6
SUKRO OVEN 25 GRAM,PULOMAS 1,0,5
POCARI SWEAT 350ML,PULOMAS 1,14,1
FANTA KALENG 330ML,PULOMAS 1,0,6
Coca cola kaleng 250ml,PULOMAS 1,0,6
MILKU COKLAT 200ML,PULOMAS 1,0,6
CROISANT 60 GRAM,PULOMAS 1,0,10
AQUA 600ml,PULOMAS 1,0,0
AW 250ML,PULOMAS 1,0,5
MONDE SERENA SNACK 25 GRAM,PULOMAS 1,2,3
MIE SEDAP CUP RAWIT BINGIT,PULOMAS 1,4,0
SPRITE KALENG 250ML,PULOMAS 1,0,7
POKKA LYCHEE TEA,PULOMAS 1,7,3
INACO MINI JELLY AND PUDDING,PULOMAS 1,2,3
INACO IM COCO LECI,PULOMAS 1,1,4
CIMORY MATCHA,PULOMAS 1,0,0
Sedap selection cup,PULOMAS 1,1,3
CIMORY MARIE REGAL,PULOMAS 1,0,6
MONDE PIE MINI,PULOMAS 1,0,5
KUSUKA AYAM MADU,PULOMAS 1,5,0
KRIZZI COKLAT,PULOMAS 1,0,5
EGG ROLL CHEESE,PULOMAS 1,3,9
INACO MINI PUDDING,PULOMAS 1,0,5
MILO ORIGINAL 220ML,PULOMAS 1,0,6
WALENS BLUEBERRY SOES,PULOMAS 1,2,3
french fries 2000,PULOMAS 1,0,0
NESCAFE ICE BLACK,PULOMAS 1,3,11
Lasegar leci lemon,PULOMAS 1,0,5
fire crackers sambal mangga,PULOMAS 1,0,5
indocafe latte mandehling,PULOMAS 1,0,0
yoritos,PULOMAS 1,0,5
mayasi paw,PULOMAS 1,3,2
LASEGAR LEMON,PULOMAS 1,0,5
fire crackers,PULOMAS 1,3,2
TEH SEJUK,PULOMAS 1,0,0
potato q rasa sosis meksiko,PULOMAS 1,0,5
Le Mineral 600ML,ST REGIST 2,19,6
Mie Sedaap Soto,ST REGIST 2,2,2
Teh Pucuk 350ML,ST REGIST 2,0,10
Beng Beng,ST REGIST 2,6,6
YOU C1000 orange water 500ML,ST REGIST 2,6,4
Nescafe Latte 240 ML,ST REGIST 2,9,5
Nescafe CappuccIno 240 ML,ST REGIST 2,0,7
Astor Double Coklat Kecil 40 GRAM,ST REGIST 2,3,2
Hydro Coco 250ML,ST REGIST 2,4,8
Pulpy Orange 300ML,ST REGIST 2,4,2
MIE SEDAP CUP GORENG,ST REGIST 2,0,0
CIMORY COKLAT 250ML,ST REGIST 2,11,3
SUKRO OVEN 25 GRAM,ST REGIST 2,5,0
POCARI SWEAT 350ML,ST REGIST 2,4,8
CHA CHA,ST REGIST 2,5,7
CROISANT 60 GRAM,ST REGIST 2,8,2
AW 250ML,ST REGIST 2,4,2
MONDE SERENA SNACK 25 GRAM,ST REGIST 2,0,5
MIE SEDAP CUP RAWIT BINGIT,ST REGIST 2,7,1
SPRITE KALENG 250ML,ST REGIST 2,0,7
POTATO CHIP  50G,ST REGIST 2,4,0
CIMORY MATCHA,ST REGIST 2,4,3
MONDE EGG ROLL CHOCOLATE,ST REGIST 2,0,12
CIMORY MARIE REGAL,ST REGIST 2,0,7
KUSUKA AYAM MADU,ST REGIST 2,4,1
WALLENS CHOCOSHOES,ST REGIST 2,0,5
TARO potato barbecue,ST REGIST 2,3,2
MILO ORIGINAL 220ML,ST REGIST 2,6,8
WALENS BLUEBERRY SOES,ST REGIST 2,0,5
french fries 2000,ST REGIST 2,0,5
NESCAFE ICE BLACK,ST REGIST 2,5,2
Spix mi goreng,ST REGIST 2,4,1
TWISTKO,ST REGIST 2,0,5
Lasegar leci lemon,ST REGIST 2,0,5
LASEGAR LEMON,ST REGIST 2,0,5
bro tatoz rendang sapi,ST REGIST 2,0,5
TEH SEJUK,ST REGIST 2,4,1
POTAKREZ sapi panggang,ST REGIST 2,5,0
black thunder,ST REGIST 2,12,0
kinder bueno 43 g,ST REGIST 2,1,6
silverqueen bites 30 g,ST REGIST 2,4,3
milo nuggets 25 g,ST REGIST 2,4,3
pringles original 42g,ST REGIST 2,2,3
Mie Sedaap Soto,BNI RAWAMANGUN,0,4
Teh Pucuk 350ML,BNI RAWAMANGUN,15,0
Kopiko Lucky Day 180 ML,BNI RAWAMANGUN,5,1
Kacang Mayasi,BNI RAWAMANGUN,0,5
YOU C1000 orange water 500ML,BNI RAWAMANGUN,9,1
Nescafe Latte 240 ML,BNI RAWAMANGUN,6,1
Nescafe CappuccIno 240 ML,BNI RAWAMANGUN,0,6
Beng Beng Maxx,BNI RAWAMANGUN,6,6
Hydro Coco 250ML,BNI RAWAMANGUN,10,4
